product_id,product_category_id,product_name,product_description,product_price
1,2,Quest Q64 10 FT. x 10 FT. Slant Leg Instant U,,59.9799995422363
2,2,Under Armour Men's Highlight MC Football Clea,,129.990005493164
3,2,Under Armour Men's Renegade D Mid Football Cl,,89.9899978637695
4,2,Under Armour Men's Renegade D Mid Football Cl,,89.9899978637695
5,2,Riddell Youth Revolution Speed Custom Footbal,,199.990005493164
6,2,Jordan Men's VI Retro TD Football Cleat,,134.990005493164
7,2,Schutt Youth Recruit Hybrid Custom Football H,,99.9899978637695
8,2,Nike Men's Vapor Carbon Elite TD Football Cle,,129.990005493164
9,2,Nike Adult Vapor Jet 3.0 Receiver Gloves,,50
10,2,Under Armour Men's Highlight MC Football Clea,,129.990005493164
11,2,Fitness Gear 300 lb Olympic Weight Set,,209.990005493164
12,2,Under Armour Men's Highlight MC Alter Ego Fla,,139.990005493164
13,2,Under Armour Men's Renegade D Mid Football Cl,,89.9899978637695
14,2,Quik Shade Summit SX170 10 FT. x 10 FT. Canop,,199.990005493164
15,2,Under Armour Kids' Highlight RM Alter Ego Sup,,59.9900016784668
16,2,Riddell Youth 360 Custom Football Helmet,,299.989990234375
17,2,Under Armour Men's Highlight MC Football Clea,,129.990005493164
18,2,Reebok Men's Full Zip Training Jacket,,29.9699993133545
19,2,Nike Men's Fingertrap Max Training Shoe,,124.98999786377
20,2,Under Armour Men's Highlight MC Football Clea,,129.990005493164
21,2,Under Armour Kids' Highlight RM Football Clea,,54.9900016784668
22,2,Kijaro Dual Lock Chair,,29.9899997711182
23,2,Under Armour Men's Highlight MC Alter Ego Hul,,139.990005493164
24,2,Elevation Training Mask 2.0,,79.9899978637695
25,3,Quest Q64 10 FT. x 10 FT. Slant Leg Instant U,,59.9799995422363
26,3,Nike Men's USA White Home Stadium Soccer Jers,,90
27,3,Nike Youth USA Away Stadium Replica Soccer Je,,75
28,3,adidas Brazuca 2014 Top Glider Soccer Ball,,29.9899997711182
29,3,Nike Men's USA Away Stadium Replica Soccer Je,,90
30,3,adidas Men's Germany Home Soccer Jersey,,90
31,3,Nike+ Fuelband SE,,99
32,3,PUMA Men's evoPOWER 1 Tricks FG Soccer Cleat,,189.990005493164
33,3,adidas Brazuca 2014 Top Repliqué Soccer Ball,,39.9900016784668
34,3,Nike Women's Pro Core 3" Compression Shorts,,28
35,3,adidas Brazuca 2014 Official Match Ball,,159.990005493164
36,3,adidas Men's Germany Black/Red Away Match Soc,,90
37,3,adidas Kids' F5 Messi FG Soccer Cleat,,34.9900016784668
38,3,Nike Men's Hypervenom Phantom Premium FG Socc,,0
39,3,Nike Women's Pro Victory Compression Bra,,21.9899997711182
40,3,Quik Shade Summit SX170 10 FT. x 10 FT. Canop,,199.990005493164
41,3,adidas Men's Mexico Home Soccer Jersey,,90
42,3,adidas Kids' F10 Messi TRX FG Soccer Cleat,,44.9900016784668
43,3,Kijaro Dual Lock Chair,,29.9899997711182
44,3,adidas Men's F10 Messi TRX FG Soccer Cleat,,59.9900016784668
45,3,adidas Men's F10 Messi FG Soccer Cleat,,59.9900016784668
46,3,Quest 12' x 12' Dome Canopy,,149.990005493164
47,3,Nike Women's Pro Hyperwarm Fitted Tights,,24.9699993133545
48,3,adidas Brazuca Final Rio Official Match Ball,,159.990005493164
49,4,Diamondback Adult Sorrento Mountain Bike 2014,,299.980010986328
50,4,Quest Q64 10 FT. x 10 FT. Slant Leg Instant U,,59.9799995422363
51,4,MAC Sports Collapsible Wagon,,69.9899978637695
52,4,Easton Mako Youth Bat 2014 (-11),,249.970001220703
53,4,adidas Brazuca 2014 Top Glider Soccer Ball,,29.9899997711182
54,4,Nike+ Fuelband SE,,99
55,4,adidas Brazuca 2014 Top Repliqué Soccer Ball,,39.9900016784668
56,4,Fitbit Flex Wireless Activity & Sleep Wristba,,99.9499969482422
57,4,Nike Women's Pro Core 3" Compression Shorts,,28
58,4,Diamondback Boys' Insight 24 Performance Hybr,,299.989990234375
59,4,adidas Brazuca 2014 Official Match Ball,,159.990005493164
60,4,SOLE E25 Elliptical,,999.989990234375
61,4,Diamondback Girls' Clarity 24 Hybrid Bike 201,,299.989990234375
62,4,Easton XL1 Youth Bat 2014 (-10),,179.970001220703
63,4,Fitness Gear 300 lb Olympic Weight Set,,209.990005493164
64,4,Nike Women's Pro Victory Compression Bra,,21.9899997711182
65,4,Quik Shade Summit SX170 10 FT. x 10 FT. Canop,,199.990005493164
66,4,SOLE F85 Treadmill,,1799.98999023438
67,4,Kijaro Dual Lock Chair,,29.9899997711182
68,4,Diamondback Adult Outlook Mountain Bike 2014,,309.989990234375
69,4,Easton S1 Youth Bat 2014 (-12),,179.970001220703
70,4,Elevation Training Mask 2.0,,79.9899978637695
71,4,Diamondback Adult Response XE Mountain Bike 2,,349.980010986328
72,4,Quest 12' x 12' Dome Canopy,,149.990005493164
73,5,Quest Q64 10 FT. x 10 FT. Slant Leg Instant U,,59.9799995422363
74,5,Goaliath 54" In-Ground Basketball Hoop with P,,499.989990234375
75,5,Nike Women's Pro Core 3" Compression Shorts,,28
76,5,Jordan Men's VI Retro TD Football Cleat,,134.990005493164
77,5,Schutt Youth Recruit Hybrid Custom Football H,,99.9899978637695
78,5,Nike Kids' Grade School KD VI Basketball Shoe,,99.9899978637695
79,5,Fitness Gear 300 lb Olympic Weight Set,,209.990005493164
80,5,Nike Women's Pro Victory Compression Bra,,21.9899997711182
81,5,Quik Shade Summit SX170 10 FT. x 10 FT. Canop,,199.990005493164
82,5,Kijaro Dual Lock Chair,,29.9899997711182
83,5,Elevation Training Mask 2.0,,79.9899978637695
84,5,Nike Men's KD VI Basketball Shoe,,129.990005493164
85,5,Nike Kids' Grade School LeBron XI Basketball ,,139.990005493164
86,5,Quest 12' x 12' Dome Canopy,,149.990005493164
87,5,Nike Women's Pro Hyperwarm Fitted Tights,,24.9699993133545
88,5,Nike Kids' Grade School KD VI Basketball Shoe,,99.9899978637695
89,5,Nike Elite Crew Basketball Sock,,14
90,5,Nike Men's LeBron XI Basketball Shoe,,199.990005493164
91,5,Quest Q100 10' X 10' Dome Canopy,,99.9800033569336
92,5,Nike Men's LeBron XI Low Basketball Shoe,,169.990005493164
93,5,Under Armour Men's Tech II T-Shirt,,24.9899997711182
94,5,Fitness Gear Pro Utility Bench,,179.990005493164
95,5,Nike Hoops Elite Team Backpack,,70
96,5,Teeter Hang Ups NXT-S Inversion Table,,299.989990234375
97,6,Quest Q64 10 FT. x 10 FT. Slant Leg Instant U,,59.9799995422363
98,6,Nike Women's Pro Core 3" Compression Shorts,,28
99,6,Nike Women's Pro Victory Compression Bra,,21.9899997711182
100,6,Quik Shade Summit SX170 10 FT. x 10 FT. Canop,,199.990005493164
101,6,Kijaro Dual Lock Chair,,29.9899997711182
102,6,Quest 12' x 12' Dome Canopy,,149.990005493164
103,6,Nike Women's Pro Hyperwarm Fitted Tights,,24.9699993133545
104,6,Nike Elite Crew Basketball Sock,,14
105,6,Quest Q100 10' X 10' Dome Canopy,,99.9800033569336
106,6,Teeter Hang Ups NXT-S Inversion Table,,299.989990234375
107,6,SKLZ Sport-Brella XL,,69.9899978637695
108,6,E-Z Up Vista 12' x 12' Recreational Instant S,,134.990005493164
109,6,Under Armour Men's Ignite Camo II Slide,,34.9900016784668
110,6,McDavid HEX Extended Leg Sleeves,,29.9899997711182
111,6,Kijaro XXL Dual Lock Oversized Chair,,39.9900016784668
112,6,Nike Women's Pro Hyperwarm Half Zip Long Slee,,31.9699993133545
113,6,Nike Men's Alpha Pro D Mid Football Cleat,,99.9899978637695
114,6,Nike Men's Fly Shorts 2.0,,34
115,6,Under Armour Men's Highlight RM Football Clea,,59.9900016784668
116,6,Nike Men's Comfort 2 Slide,,44.9900016784668
117,6,YETI Tundra 65 Chest Cooler,,399.989990234375
118,6,Quest 12' x 12' Screen House,,69.9899978637695
119,6,Quest Oversized Arm Chair,,21.9899997711182
120,6,Nike Hyper Elite Crew Basketball Sock,,18
121,7,Quest Q64 10 FT. x 10 FT. Slant Leg Instant U,,59.9799995422363
122,7,Nike+ Fuelband SE,,99
123,7,Fitbit Flex Wireless Activity & Sleep Wristba,,99.9499969482422
124,7,Nike Women's Pro Core 3" Compression Shorts,,28
125,7,Nike Women's Pro Victory Compression Bra,,21.9899997711182
126,7,Quik Shade Summit SX170 10 FT. x 10 FT. Canop,,199.990005493164
127,7,Stiga Master Series ST3100 Competition Indoor,,329.989990234375
128,7,Kijaro Dual Lock Chair,,29.9899997711182
129,7,Quest 12' x 12' Dome Canopy,,149.990005493164
130,7,Nike Women's Pro Hyperwarm Fitted Tights,,24.9699993133545
131,7,Nike Elite Crew Basketball Sock,,14
132,7,Under Armour Hustle Backpack,,54.9900016784668
133,7,Quest Q100 10' X 10' Dome Canopy,,99.9800033569336
134,7,Nike Women's Legend V-Neck T-Shirt,,25
135,7,Nike Dri-FIT Crew Sock 6 Pack,,22
136,7,Nike Hoops Elite Team Backpack,,70
137,7,Teeter Hang Ups NXT-S Inversion Table,,299.989990234375
138,7,SKLZ Sport-Brella XL,,69.9899978637695
139,7,E-Z Up Vista 12' x 12' Recreational Instant S,,134.990005493164
140,7,Under Armour Men's Ignite Camo II Slide,,34.9900016784668
141,7,Under Armour Boys' Match Play Golf Polo,,29.9899997711182
142,7,McDavid HEX Extended Leg Sleeves,,29.9899997711182
143,7,Kijaro XXL Dual Lock Oversized Chair,,39.9900016784668
144,7,Garmin Forerunner 220 GPS Watch,,249.990005493164
145,8,Quest Q64 10 FT. x 10 FT. Slant Leg Instant U,,59.9799995422363
146,8,Nike Women's Pro Core 3" Compression Shorts,,28
147,8,Nike Women's Pro Victory Compression Bra,,21.9899997711182
148,8,Quik Shade Summit SX170 10 FT. x 10 FT. Canop,,199.990005493164
149,8,Kijaro Dual Lock Chair,,29.9899997711182
150,8,Quest 12' x 12' Dome Canopy,,149.990005493164
151,8,Nike Women's Pro Hyperwarm Fitted Tights,,24.9699993133545
152,8,Quest Q100 10' X 10' Dome Canopy,,99.9800033569336
153,8,Teeter Hang Ups NXT-S Inversion Table,,299.989990234375
154,8,SKLZ Sport-Brella XL,,69.9899978637695
155,8,E-Z Up Vista 12' x 12' Recreational Instant S,,134.990005493164
156,8,Under Armour Men's Ignite Camo II Slide,,34.9900016784668
157,8,Reebok Women's Performance Essentials Printed,,45
158,8,McDavid HEX Extended Leg Sleeves,,29.9899997711182
159,8,Kijaro XXL Dual Lock Oversized Chair,,39.9900016784668
160,8,Nike Women's Pro Hyperwarm Half Zip Long Slee,,31.9699993133545
161,8,Nike Men's Comfort 2 Slide,,44.9900016784668
162,8,YETI Tundra 65 Chest Cooler,,399.989990234375
163,8,Quest 12' x 12' Screen House,,69.9899978637695
164,8,adidas Women's Tiro 13 Soccer Pants,,45
165,8,Quest Oversized Arm Chair,,21.9899997711182
166,8,Under Armour Men's Ignite III Slide,,34.9900016784668
167,8,Nike Women's Pro Printed Sports Bra,,25.9899997711182
168,8,Nike Women's 3" Pro Compression Shorts,,32
169,9,Diamondback Adult Sorrento Mountain Bike 2014,,299.980010986328
170,9,Quest Q64 10 FT. x 10 FT. Slant Leg Instant U,,59.9799995422363
171,9,MAC Sports Collapsible Wagon,,69.9899978637695
172,9,Nike Women's Tempo Shorts,,30
173,9,Under Armour Men's Highlight MC Football Clea,,129.990005493164
174,9,Nike Men's USA White Home Stadium Soccer Jers,,90
175,9,Nike Women's Tempo Shorts,,30
176,9,Easton Mako Youth Bat 2014 (-11),,249.970001220703
177,9,Nike Youth USA Away Stadium Replica Soccer Je,,75
178,9,adidas Brazuca 2014 Top Glider Soccer Ball,,29.9899997711182
179,9,Brooks Women's Adrenaline GTS 13 Running Shoe,,89.9899978637695
180,9,Nike Men's USA Away Stadium Replica Soccer Je,,90
181,9,Lifetime Freestyle XL Stand-Up Paddle Board,,399.989990234375
182,9,adidas Men's Germany Home Soccer Jersey,,90
183,9,Nike+ Fuelband SE,,99
184,9,PUMA Men's evoPOWER 1 Tricks FG Soccer Cleat,,189.990005493164
185,9,Goaliath 54" In-Ground Basketball Hoop with P,,499.989990234375
186,9,adidas Brazuca 2014 Top Repliqué Soccer Ball,,39.9900016784668
187,9,Top Flite Women's XL 12-Piece Complete Set - ,,179.979995727539
188,9,Fitbit Flex Wireless Activity & Sleep Wristba,,99.9499969482422
189,9,Nike Women's Tempo Shorts,,30
190,9,Under Armour Men's Renegade D Mid Football Cl,,89.9899978637695
191,9,Nike Men's Free 5.0+ Running Shoe,,99.9899978637695
192,9,Nike Women's Pro Core 3" Compression Shorts,,28
193,10,Diamondback Adult Sorrento Mountain Bike 2014,,299.980010986328
194,10,Nike+ Fuelband SE,,99
195,10,Fitbit Flex Wireless Activity & Sleep Wristba,,99.9499969482422
196,10,Diamondback Boys' Insight 24 Performance Hybr,,299.989990234375
197,10,SOLE E25 Elliptical,,999.989990234375
198,10,Diamondback Girls' Clarity 24 Hybrid Bike 201,,299.989990234375
199,10,SOLE F85 Treadmill,,1799.98999023438
200,10,Diamondback Adult Outlook Mountain Bike 2014,,309.989990234375
201,10,Elevation Training Mask 2.0,,79.9899978637695
202,10,Diamondback Adult Response XE Mountain Bike 2,,349.980010986328
203,10,GoPro HERO3+ Black Edition Camera,,399.989990234375
204,10,Rollerblade Men's Spark 84 Inline Skate,,159.990005493164
205,10,Diamondback Adult Wildwood Citi Classic Comfo,,269.989990234375
206,10,Diamondback Adult Edgewood Hybrid Bike 2014,,299.980010986328
207,10,Rollerblade Women's Spark 84 Inline Skates,,159.990005493164
208,10,SOLE E35 Elliptical,,1999.98999023438
209,10,Quest 15 FT Trampoline Enclosure Combo,,499.989990234375
210,10,Thule Trailway 4-Bike Hitch Vehicle Rack,,199.979995727539
211,10,Diamondback Grind BMX Bike 2014,,199.990005493164
212,10,Under Armour Men's Ignite Camo II Slide,,34.9900016784668
213,10,Exerpeutic 900XL Magnetic Recumbent Bike with,,199.990005493164
214,10,Diamondback Women's Vital 2 Hybrid Bike 2014,,299.980010986328
215,10,Garmin vivofit Fitness Band with HRM,,169.990005493164
216,10,Yakima DoubleDown Ace Hitch Mount 4-Bike Rack,,189
217,11,Fitness Gear 300 lb Olympic Weight Set,,209.990005493164
218,11,Elevation Training Mask 2.0,,79.9899978637695
219,11,Fitness Gear Pro Utility Bench,,179.990005493164
220,11,Teeter Hang Ups NXT-S Inversion Table,,299.989990234375
221,11,Fitness Gear Pro Olympic Bench,,249.990005493164
222,11,Fitness Gear Pro Half Rack,,349.989990234375
223,11,Teeter Hang-Ups EP-970 Limited Inversion Tabl,,399.989990234375
224,11,PowerBlock Classic 50 lb Adjustable Dumbbell ,,299.989990234375
225,11,Marcy Pro Circuit Trainer,,499.989990234375
226,11,Bowflex SelectTech 1090 Dumbbells,,599.989990234375
227,11,Reebok Men's CrossFit Nano 3.0 Training Shoe,,109.98999786377
228,11,Fitness Gear Olympic Bench,,199.990005493164
229,11,Marcy Diamond 9010 Smith Cage,,799.989990234375
230,11,BOSU Balance Trainer,,119.98999786377
231,11,Nike Men's Romaleos 2 Weightlifting Shoe,,199.990005493164
232,11,adidas Men's Powerlift 2 Training Shoe,,89.9899978637695
233,11,Core Fitness 5 - 50 lb Adjustable Dumbbells -,,399.989990234375
234,11,Fitness Gear Pro Core Bench,,129.990005493164
235,11,Under Armour Hustle Storm Medium Duffle Bag,,34.9900016784668
236,11,PowerBlock 24 lb Adjustable Dumbbell Set,,159.990005493164
237,11,Fitness Gear 7' Olympic Bar,,79.9899978637695
238,11,Fitness Gear Heavy Bag Stand,,99.9899978637695
239,11,Reebok Women's CrossFit Nano 2.0 Training Sho,,109.98999786377
240,11,Stamina Air Rower,,299.989990234375
241,12,Nike Women's Tempo Shorts,,30
242,12,Nike Women's Tempo Shorts,,30
243,12,Brooks Women's Adrenaline GTS 13 Running Shoe,,89.9899978637695
244,12,Nike+ Fuelband SE,,99
245,12,Fitbit Flex Wireless Activity & Sleep Wristba,,99.9499969482422
246,12,Nike Women's Tempo Shorts,,30
247,12,Nike Women's Pro Core 3" Compression Shorts,,28
248,12,Nike Women's Free 4.0 Running Shoe,,89.9899978637695
249,12,Under Armour Women's Micro G Skulpt Running S,,54.9700012207031
250,12,Under Armour Women's Play Up Shorts,,24.9899997711182
251,12,Brooks Women's Ghost 6 Running Shoe,,89.9899978637695
252,12,Nike Women's Pro Victory Compression Bra,,21.9899997711182
253,12,Nike Women's Free 5.0+ Running Shoe,,99.9899978637695
254,12,Brooks Women's Ghost 6 Running Shoe,,89.9899978637695
255,12,ASICS Women's GEL-Noosa Tri 9 Running Shoe,,139.990005493164
256,12,Elevation Training Mask 2.0,,79.9899978637695
257,12,Under Armour Women's Tech T-Shirt,,16.9899997711182
258,12,Nike Women's Free 5.0 TR FIT PRT 4 Training S,,94.9899978637695
259,12,Nike Women's Pro Hyperwarm Fitted Tights,,24.9699993133545
260,12,ASICS Women's GEL-Nimbus 15 Running Shoe,,119.98999786377
261,12,ASICS Women's GEL-Cumulus 15 Running Shoe,,89.9899978637695
262,12,Fitness Gear Pro Utility Bench,,179.990005493164
263,12,Nike Women's Legend V-Neck T-Shirt,,25
264,12,Nike Dri-FIT Crew Sock 6 Pack,,22
265,13,Elevation Training Mask 2.0,,79.9899978637695
266,13,Under Armour Men's Ignite Camo II Slide,,34.9900016784668
267,13,Nike Men's Comfort 2 Slide,,44.9900016784668
268,13,Everlast PowerCore 2 Station Stand and Bag Ki,,199.990005493164
269,13,Under Armour Men's Ignite III Slide,,34.9900016784668
270,13,Nike Men's Comfort 2 Slide,,44.9900016784668
271,13,Under Armour Kids' Ignite III Slide,,27.9899997711182
272,13,Under Armour Women's Ignite VI Slide,,31.9899997711182
273,13,Under Armour Kids' Mercenary Slide,,27.9899997711182
274,13,Nike Men's Benassi Swoosh Slide,,21.9899997711182
275,13,Under Armour Girls' UA Ignite VI Slide,,27.9899997711182
276,13,Under Armour Women's Ignite Slide,,31.9899997711182
277,13,Under Armour Women's Ignite VI Camo Slide,,34.9900016784668
278,13,Under Armour Men's Compression EV SL Slide,,44.9900016784668
279,13,Nike Men's Air LeBron 3 Elite Slide,,69.9899978637695
280,13,Under Armour Hustle Storm Medium Duffle Bag,,34.9900016784668
281,13,Fitness Gear Heavy Bag Stand,,99.9899978637695
282,13,Under Armour Women's Ignite PIP VI Slide,,31.9899997711182
283,13,Under Armour Kids' Mercenary Slide,,27.9899997711182
284,13,Under Armour Women's Ignite VI Slide,,31.9899997711182
285,13,Under Armour Men's Mercenary Slide,,34.9900016784668
286,13,Under Armour Men's Ignite III Slide,,34.9900016784668
287,13,Nike Men's Comfort 2 Slide,,44.9900016784668
288,13,Nike Men's Air LeBron 3 Elite Slide,,69.9899978637695
289,38,Nike+ Fuelband SE,,99
290,38,Fitbit Flex Wireless Activity & Sleep Wristba,,99.9499969482422
291,38,Garmin Forerunner 220 GPS Watch,,249.990005493164
292,38,Garmin Women's Forerunner 10 GPS Watch,,129.990005493164
293,38,Garmin vivofit Fitness Band with HRM,,169.990005493164
294,38,Garmin Forerunner 10 GPS Watch,,129.990005493164
295,38,Fitbit The One Wireless Activity & Sleep Trac,,99.9499969482422
296,38,Nike+ Sportwatch GPS Powered by TomTom with S,,169
297,38,Garmin vivofit Fitness Band,,129.990005493164
298,38,Garmin Forerunner 15 GPS Watch with HRM,,199.990005493164
299,38,Jawbone UP24 Activity Tracker,,149.990005493164
300,38,Garmin Forerunner 620 GPS Watch with Heart Ra,,449.989990234375
301,38,Garmin Forerunner 15 GPS Watch,,169.990005493164
302,38,Nike+ Sportwatch GPS Powered by TomTom,,149
303,38,Garmin Forerunner 910XT GPS Watch,,399.989990234375
304,38,Garmin Forerunner 220 GPS Watch with Premium ,,299.989990234375
305,38,Mio ALPHA Heart Rate Monitor/Sport Watch,,199
306,38,Polar FT4 Heart Rate Monitor,,89.9899978637695
307,38,Garmin Forerunner 910XT with HRM,,449.989990234375
308,38,Fitbit Zip Wireless Activity Tracker,,59.9500007629395
309,38,Fitbit Aria Wi-Fi Smart Scale,,129.949996948242
310,38,Beats by Dr. Dre Solo2 Headphones,,199.949996948242
311,38,Polar Loop Activity Tracker,,109.949996948242
312,38,TomTom Multi-Sport Cardio + Cycle GPS Watch w,,399.989990234375
313,15,Under Armour Women's Seamless Essential Sport,,24.9899997711182
314,15,Nike Women's Studio Wrap,,36.9900016784668
315,15,Nike Women's Legend Tight Capris 2.0,,60
316,15,Nike Women's Legend Regular Capris 2.0,,65
317,15,Nike Women's Printed Studio Wrap,,36.9900016784668
318,15,Under Armour Women's Seamless Advantage Sport,,29.9899997711182
319,15,Under Armour Women's HeatGear Sonic Printed C,,29.9899997711182
320,15,Manduka PRO Yoga Mat,,100
321,15,Reebok Women's Fitness Essentials Regular Fit,,34
322,15,Nike Women's Studio Wrap Three-Part Pack,,81.9899978637695
323,15,Under Armour Women's Achieve T-Back Tank Top,,24.9899997711182
324,15,Reebok Women's Fitness Essential Slim Fit Cap,,34
325,15,lucy Women's Hatha Capri Leggings,,79
326,15,Mission Enduracool Instant Cooling Towel,,14.9899997711182
327,15,Reebok Women's Performance Regular Motion Fit,,50
328,15,Under Armour Women's Perfect Flowy Tank Top,,32.9900016784668
329,15,Under Armour Women's Essential Banded Tank To,,49.9900016784668
330,15,Nike Women's Dri-FIT Cotton Tight Capris,,40
331,15,The North Face Women's Be Calm Tank Top,,38
332,15,Under Armour Women's Pure Stretch Sheer Cheek,,12
333,15,lucy Women's Heart Center Tank Top,,55
334,15,Reebok Women's Fitness Essentials Regular Fit,,38
335,15,Nike Women's Dri-FIT Cotton Regular-Fit Capri,,45
336,15,Nike Swoosh Headband - 2",,5
337,16,Fitness Gear 300 lb Olympic Weight Set,,209.990005493164
338,16,Nike Men's Fingertrap Max Training Shoe,,124.98999786377
339,16,Elevation Training Mask 2.0,,79.9899978637695
340,16,PRIMED 12' x 6' Instant Soccer Goal,,149.990005493164
341,16,Fitness Gear Pro Utility Bench,,179.990005493164
342,16,SKLZ Quickster 12' x 6' Portable Soccer Goal,,149.990005493164
343,16,Teeter Hang Ups NXT-S Inversion Table,,299.989990234375
344,16,Under Armour Men's Ignite Camo II Slide,,34.9900016784668
345,16,Fitness Gear Pro Olympic Bench,,249.990005493164
346,16,Fitness Gear Pro Half Rack,,349.989990234375
347,16,adidas Brazuca Final Rio Top Glider Soccer Ba,,29.9899997711182
348,16,McDavid HEX Extended Leg Sleeves,,29.9899997711182
349,16,Franklin 12' x 6' Competition Steel Soccer Go,,119.98999786377
350,16,Nike Men's Comfort 2 Slide,,44.9900016784668
351,16,Jugs Complete Practice Travel Screen,,149.990005493164
352,16,Under Armour Men's Ignite III Slide,,34.9900016784668
353,16,Nike Men's Comfort 2 Slide,,44.9900016784668
354,16,Nike Men's Fingertrap Max Training Shoe,,124.98999786377
355,16,Nike Men's Free Trainer 5.0 Training Shoe,,99.9899978637695
356,16,PRIMED 7' x 5' Soccer Trainer,,99.9899978637695
357,16,Under Armour Kids' Ignite III Slide,,27.9899997711182
358,16,Reebok Women's Solid Classic Tank Swimsuit,,64.9899978637695
359,16,Nike Men's Free TR 5.0 TB Training Shoe,,99.9899978637695
360,16,Under Armour Women's Ignite VI Slide,,31.9899997711182
361,17,Bowflex Uppercut,,129.990005493164
362,17,Perfect Fitness Perfect Ab Strap Pro,,29.9899997711182
363,17,Total Gym 1100,,199.990005493164
364,17,Total Gym 1400,,299.989990234375
365,17,Perfect Fitness Perfect Rip Deck,,59.9900016784668
366,17,Gazelle Supreme Glider,,299.989990234375
367,17,Gazelle Edge Pro Glider,,149.990005493164
368,17,Pink BOSU Balance Trainer,,119.98999786377
369,17,BOSU Ballast Ball,,59.9900016784668
370,17,Kettleglove Unisex Kettleball Gloves,,19.9899997711182
371,17,Total Gym 1900,,399.989990234375
372,17,Perfect Ab Carver Pro,,39.9900016784668
373,17,Perfect Fitness Multi Gym Pro,,39.9900016784668
374,17,Perfect Pushup BASIC,,19.9899997711182
375,17,Gold's Gym K10 7-in-1 Body Building Kit,,49.9900016784668
376,17,Perfect Pushup V2 Performance,,29.9899997711182
377,17,Perfect Pullup Basic,,19.9899997711182
378,17,AB Roller Evolution,,29.9899997711182
379,17,Perfect Multi-Gym - As Seen on TV!,,29.9899997711182
380,17,BOSU Balance Trainer,,119.98999786377
381,18,Under Armour Men's Highlight MC Football Clea,,129.990005493164
382,18,PUMA Men's evoPOWER 1 Tricks FG Soccer Cleat,,189.990005493164
383,18,Under Armour Men's Renegade D Mid Football Cl,,89.9899978637695
384,18,Under Armour Men's Renegade D Mid Football Cl,,89.9899978637695
385,18,Jordan Men's VI Retro TD Football Cleat,,134.990005493164
386,18,Nike Men's Vapor Carbon Elite TD Football Cle,,129.990005493164
387,18,adidas Kids' F5 Messi FG Soccer Cleat,,34.9900016784668
388,18,Nike Men's Hypervenom Phantom Premium FG Socc,,0
389,18,Under Armour Men's Highlight MC Football Clea,,129.990005493164
390,18,Under Armour Men's Highlight MC Alter Ego Fla,,139.990005493164
391,18,Under Armour Men's Renegade D Mid Football Cl,,89.9899978637695
392,18,Under Armour Kids' Highlight RM Alter Ego Sup,,59.9900016784668
393,18,Under Armour Men's Highlight MC Football Clea,,129.990005493164
394,18,Nike Men's Fingertrap Max Training Shoe,,124.98999786377
395,18,adidas Kids' F10 Messi TRX FG Soccer Cleat,,44.9900016784668
396,18,Under Armour Men's Highlight MC Football Clea,,129.990005493164
397,18,Under Armour Kids' Highlight RM Football Clea,,54.9900016784668
398,18,adidas Men's F10 Messi TRX FG Soccer Cleat,,59.9900016784668
399,18,Under Armour Men's Highlight MC Alter Ego Hul,,139.990005493164
400,18,Under Armour Men's Highlight MC Football Clea,,129.990005493164
401,18,adidas Men's F10 Messi FG Soccer Cleat,,59.9900016784668
402,18,Under Armour Men's Highlight MC Alter Ego Cap,,139.990005493164
403,18,Nike Men's CJ Elite 2 TD Football Cleat,,129.990005493164
404,18,Nike Men's Vapor Carbon Elite TD Football Cle,,129.990005493164
405,19,Under Armour Men's Highlight MC Football Clea,,129.990005493164
406,19,Nike+ Fuelband SE,,99
407,19,PUMA Men's evoPOWER 1 Tricks FG Soccer Cleat,,189.990005493164
408,19,Fitbit Flex Wireless Activity & Sleep Wristba,,99.9499969482422
409,19,Under Armour Men's Renegade D Mid Football Cl,,89.9899978637695
410,19,Nike Men's Free 5.0+ Running Shoe,,99.9899978637695
411,19,Under Armour Men's Renegade D Mid Football Cl,,89.9899978637695
412,19,Jordan Men's VI Retro TD Football Cleat,,134.990005493164
413,19,Nike Men's Vapor Carbon Elite TD Football Cle,,129.990005493164
414,19,Nike Men's Hypervenom Phantom Premium FG Socc,,0
415,19,Under Armour Men's Highlight MC Football Clea,,129.990005493164
416,19,Nike Men's Free 5.0 Running Shoe,,99.9899978637695
417,19,Under Armour Men's Highlight MC Alter Ego Fla,,139.990005493164
418,19,Under Armour Men's Renegade D Mid Football Cl,,89.9899978637695
419,19,Brooks Men's Adrenaline GTS 13 Running Shoe,,89.9899978637695
420,19,Under Armour Men's Highlight MC Football Clea,,129.990005493164
421,19,Nike Men's Fingertrap Max Training Shoe,,124.98999786377
422,19,Under Armour Men's Highlight MC Football Clea,,129.990005493164
423,19,adidas Men's F10 Messi TRX FG Soccer Cleat,,59.9900016784668
424,19,Under Armour Men's Highlight MC Alter Ego Hul,,139.990005493164
425,19,Nike Men's Air Max 2014 Running Shoe,,149.990005493164
426,19,Under Armour Men's Highlight MC Football Clea,,129.990005493164
427,19,adidas Men's F10 Messi FG Soccer Cleat,,59.9900016784668
428,19,Under Armour Men's Highlight MC Alter Ego Cap,,139.990005493164
429,20,Brooks Women's Adrenaline GTS 13 Running Shoe,,89.9899978637695
430,20,Nike+ Fuelband SE,,99
431,20,Fitbit Flex Wireless Activity & Sleep Wristba,,99.9499969482422
432,20,Nike Women's Free 4.0 Running Shoe,,89.9899978637695
433,20,Under Armour Women's Micro G Skulpt Running S,,54.9700012207031
434,20,Brooks Women's Ghost 6 Running Shoe,,89.9899978637695
435,20,Nike Women's Free 5.0+ Running Shoe,,99.9899978637695
436,20,Brooks Women's Ghost 6 Running Shoe,,89.9899978637695
437,20,ASICS Women's GEL-Noosa Tri 9 Running Shoe,,139.990005493164
438,20,Nike Women's Free 5.0 TR FIT PRT 4 Training S,,94.9899978637695
439,20,ASICS Women's GEL-Nimbus 15 Running Shoe,,119.98999786377
440,20,Nike Men's Mercurial Victory IV FG Soccer Cle,,59.9700012207031
441,20,ASICS Women's GEL-Cumulus 15 Running Shoe,,89.9899978637695
442,20,Nike Dri-FIT Crew Sock 6 Pack,,22
443,20,Nike Women's Air Pegasus+ 30 Running Shoe,,89.9899978637695
444,20,Nike Women's Downshifter 5 Running Shoe,,49.9799995422363
445,20,Nike Women's Air Pegasus+ 30 Running Shoe,,89.9899978637695
446,20,Nike Women's LunarGlide+ 5 Running Shoe,,109.98999786377
447,20,Nike Women's Free TR Connect 2 Training Shoe,,109.98999786377
448,20,Nike Women's Zoom Fly Running Shoe,,89.9899978637695
449,20,Mizuno Women's Wave Inspire 9 Running Shoe,,79.9700012207031
450,20,Garmin Forerunner 220 GPS Watch,,249.990005493164
451,20,Garmin Women's Forerunner 10 GPS Watch,,129.990005493164
452,20,Garmin vivofit Fitness Band with HRM,,169.990005493164
453,21,Nike Kids' Grade School KD VI Basketball Shoe,,99.9899978637695
454,21,adidas Kids' F5 Messi FG Soccer Cleat,,34.9900016784668
455,21,Under Armour Kids' Highlight RM Alter Ego Sup,,59.9900016784668
456,21,adidas Kids' F10 Messi TRX FG Soccer Cleat,,44.9900016784668
457,21,Under Armour Kids' Highlight RM Football Clea,,54.9900016784668
458,21,Nike Kids' Grade School LeBron XI Basketball ,,139.990005493164
459,21,Under Armour Kids' Highlight RM Alter Ego Cap,,59.9900016784668
460,21,Under Armour Kids' Highlight RM Alter Ego Bat,,59.9900016784668
461,21,Under Armour Kids' Highlight RM Football Clea,,54.9900016784668
462,21,Under Armour Kids' Highlight RM Alter Ego Fla,,59.9900016784668
463,21,Nike Kids' Grade School KD VI Basketball Shoe,,99.9899978637695
464,21,Nike Kids' Vapor Strike 4 Mid TD Football Cle,,59.9900016784668
465,21,Under Armour Kids' Highlight RM Football Clea,,54.9900016784668
466,21,Under Armour Kids' Highlight RM Alter Ego Hul,,59.9900016784668
467,21,Nike Kids' Vapor Strike 4 Mid TD Football Cle,,59.9900016784668
468,21,Under Armour Kids' C1N MC Football Cleat,,69.9899978637695
469,21,Nike Kids' Vapor Strike 4 Mid TD Football Cle,,59.9900016784668
470,21,adidas Kids' RG III Mid Football Cleat,,69.9899978637695
471,21,Nike Kids' Grade School KD VI Basketball Shoe,,99.9899978637695
472,21,Nike Kids' Vapor Strike 4 Mid TD Football Cle,,59.9900016784668
473,21,Under Armour Kids' Highlight RM Football Clea,,54.9900016784668
474,21,Nike Hyper Elite Crew Basketball Sock,,18
475,21,Nike Kids' Vapor Strike 4 Mid TD Football Cle,,59.9900016784668
476,21,Reebok All Sport Athletic Sock,,8
477,22,Nike Women's Tempo Shorts,,30
478,22,Nike Women's Tempo Shorts,,30
479,22,Brooks Women's Adrenaline GTS 13 Running Shoe,,89.9899978637695
480,22,Nike+ Fuelband SE,,99
481,22,Top Flite Women's XL 12-Piece Complete Set - ,,179.979995727539
482,22,Fitbit Flex Wireless Activity & Sleep Wristba,,99.9499969482422
483,22,Nike Women's Tempo Shorts,,30
484,22,Nike Men's Free 5.0+ Running Shoe,,99.9899978637695
485,22,Nike Women's Pro Core 3" Compression Shorts,,28
486,22,Coleman River Gorge 6 Person Dome Tent,,79.9800033569336
487,22,Jordan Men's VI Retro TD Football Cleat,,134.990005493164
488,22,SOLE E25 Elliptical,,999.989990234375
489,22,Nike Kids' Grade School KD VI Basketball Shoe,,99.9899978637695
490,22,Nike Women's Free 4.0 Running Shoe,,89.9899978637695
491,22,Under Armour Women's Micro G Skulpt Running S,,54.9700012207031
492,22,Nike Men's Free 5.0 Running Shoe,,99.9899978637695
493,22,Brooks Women's Ghost 6 Running Shoe,,89.9899978637695
494,22,Nike Women's Pro Victory Compression Bra,,21.9899997711182
495,22,Slazenger Women's Ava Sleeveless Fashion Golf,,32
496,22,SOLE F85 Treadmill,,1799.98999023438
497,22,Nike Women's Free 5.0+ Running Shoe,,99.9899978637695
498,22,Brooks Men's Adrenaline GTS 13 Running Shoe,,89.9899978637695
499,22,Brooks Women's Ghost 6 Running Shoe,,89.9899978637695
500,22,Kijaro Dual Lock Chair,,29.9899997711182
501,24,Nike Men's USA White Home Stadium Soccer Jers,,90
502,24,Nike Men's Dri-FIT Victory Golf Polo,,50
503,24,Nike Youth USA Away Stadium Replica Soccer Je,,75
504,24,adidas Brazuca 2014 Top Glider Soccer Ball,,29.9899997711182
505,24,Nike Men's USA Away Stadium Replica Soccer Je,,90
506,24,adidas Men's Germany Home Soccer Jersey,,90
507,24,Nike+ Fuelband SE,,99
508,24,PUMA Men's evoPOWER 1 Tricks FG Soccer Cleat,,189.990005493164
509,24,adidas Brazuca 2014 Top Repliqué Soccer Ball,,39.9900016784668
510,24,Fitbit Flex Wireless Activity & Sleep Wristba,,99.9499969482422
511,24,Nike Women's Pro Core 3" Compression Shorts,,28
512,24,Nike Men's Flat Front Tech Golf Shorts,,65
513,24,adidas Brazuca 2014 Official Match Ball,,159.990005493164
514,24,adidas Men's Germany Black/Red Away Match Soc,,90
515,24,adidas Kids' F5 Messi FG Soccer Cleat,,34.9900016784668
516,24,Callaway X Hot Laser Rangefinder,,229.990005493164
517,24,Nike Men's Hypervenom Phantom Premium FG Socc,,0
518,24,Nike Women's Pro Victory Compression Bra,,21.9899997711182
519,24,adidas Men's Mexico Home Soccer Jersey,,90
520,24,adidas Men's Ultimate Short Sleeve Shirt,,22
521,24,Nike Men's Dri-FIT Flat Front Tech Golf Pants,,80
522,24,Reebok Men's Full Zip Training Jacket,,29.9699993133545
523,24,adidas Kids' F10 Messi TRX FG Soccer Cleat,,44.9900016784668
524,24,adidas Men's F10 Messi TRX FG Soccer Cleat,,59.9900016784668
525,25,Nike Women's Tempo Shorts,,30
526,25,Nike Men's USA White Home Stadium Soccer Jers,,90
527,25,Nike Women's Tempo Shorts,,30
528,25,Nike Youth USA Away Stadium Replica Soccer Je,,75
529,25,adidas Brazuca 2014 Top Glider Soccer Ball,,29.9899997711182
530,25,Brooks Women's Adrenaline GTS 13 Running Shoe,,89.9899978637695
531,25,Nike Men's USA Away Stadium Replica Soccer Je,,90
532,25,adidas Men's Germany Home Soccer Jersey,,90
533,25,Nike+ Fuelband SE,,99
534,25,PUMA Men's evoPOWER 1 Tricks FG Soccer Cleat,,189.990005493164
535,25,adidas Brazuca 2014 Top Repliqué Soccer Ball,,39.9900016784668
536,25,Top Flite Women's XL 12-Piece Complete Set - ,,179.979995727539
537,25,Fitbit Flex Wireless Activity & Sleep Wristba,,99.9499969482422
538,25,Nike Women's Tempo Shorts,,30
539,25,Nike Women's Pro Core 3" Compression Shorts,,28
540,25,Coleman River Gorge 6 Person Dome Tent,,79.9800033569336
541,25,adidas Brazuca 2014 Official Match Ball,,159.990005493164
542,25,adidas Men's Germany Black/Red Away Match Soc,,90
543,25,Lady Hagen Women's Milan Golf Polo,,25
544,25,adidas Kids' F5 Messi FG Soccer Cleat,,34.9900016784668
545,25,Callaway X Hot Laser Rangefinder,,229.990005493164
546,25,Nike Women's Free 4.0 Running Shoe,,89.9899978637695
547,25,Nike Men's Hypervenom Phantom Premium FG Socc,,0
548,25,Under Armour Women's Micro G Skulpt Running S,,54.9700012207031
549,26,Lotto Men's Zhero Gravity V 700 TF Soccer Cle,,59.9900016784668
550,26,adidas Men's 2014 All-Star Game Tactile Hunte,,20
551,26,Lotto Men's Zhero Gravity V 700 TF Soccer Cle,,59.9900016784668
552,26,Lotto Men's Zhero Gravity V 700 TF Soccer Cle,,59.9900016784668
553,26,adidas Men's 2014 MLS All-Star Game Dueling T,,24
554,26,adidas Men's 2014 MLS All-Star Game Cross Bla,,20
555,26,adidas Original Men's 2014 MLS All-Star Game ,,28
556,26,adidas Original Men's 2014 MLS All-Star Game ,,28
557,26,adidas Men's 2014 MLS All-Star Game Rose City,,28
558,26,adidas Men's 2014 MLS All-Star Game Crest Gre,,28
559,26,adidas Women's 2014 MLS All-Star Game Dueling,,28
560,26,adidas Men's 2014 MLS All-Star Game Replica B,,85
561,26,adidas Men's 2014 MLS All-Star Game Lumber Hu,,22
562,26,adidas Men's 2014 MLS All-Star Game Axis Hunt,,22
563,26,adidas Men's Germany 2014 FIFA World Cup Braz,,22
564,26,Nike Men's Deutschland Weltmeister Winners Bl,,30
565,26,adidas Youth Germany Black/Red Away Match Soc,,70
566,26,adidas Men's Germany Black/Red Away Match Soc,,90
567,26,adidas Men's Germany Black Crest Away Tee,,25
568,26,adidas Youth Germany Black Crest Tee,,18
569,26,adidas Men's Germany Home Soccer Jersey,,90
570,26,adidas Men's Germany Home Replica White Top,,50
571,26,TYR Boys' Venom Blade Splice Jammer,,51.9900016784668
572,26,TYR Boys' Team Digi Jammer,,39.9900016784668
573,27,Lotto Men's Zhero Gravity V 700 TF Soccer Cle,,59.9900016784668
574,27,adidas Men's 2014 All-Star Game Tactile Hunte,,20
575,27,Lotto Men's Zhero Gravity V 700 TF Soccer Cle,,59.9900016784668
576,27,Lotto Men's Zhero Gravity V 700 TF Soccer Cle,,59.9900016784668
577,27,adidas Men's 2014 MLS All-Star Game Dueling T,,24
578,27,adidas Men's 2014 MLS All-Star Game Cross Bla,,20
579,27,adidas Original Men's 2014 MLS All-Star Game ,,28
580,27,adidas Original Men's 2014 MLS All-Star Game ,,28
581,27,adidas Men's 2014 MLS All-Star Game Rose City,,28
582,27,adidas Men's 2014 MLS All-Star Game Crest Gre,,28
583,27,adidas Women's 2014 MLS All-Star Game Dueling,,28
584,27,adidas Men's 2014 MLS All-Star Game Replica B,,85
585,27,adidas Men's 2014 MLS All-Star Game Lumber Hu,,22
586,27,adidas Men's 2014 MLS All-Star Game Axis Hunt,,22
587,27,adidas Men's Germany 2014 FIFA World Cup Braz,,22
588,27,Nike Men's Deutschland Weltmeister Winners Bl,,30
589,27,adidas Youth Germany Black/Red Away Match Soc,,70
590,27,adidas Men's Germany Black/Red Away Match Soc,,90
591,27,adidas Men's Germany Black Crest Away Tee,,25
592,27,adidas Youth Germany Black Crest Tee,,18
593,27,adidas Men's Germany Home Soccer Jersey,,90
594,27,adidas Men's Germany Home Replica White Top,,50
595,27,TYR Girls' Phoenix Maxfit Back Swimsuit,,75.9899978637695
596,27,TYR Girls' Palisade Maxfit Back Swimsuit,,75.9899978637695
597,41,Nike+ Fuelband SE,,99
598,41,Fitbit Flex Wireless Activity & Sleep Wristba,,99.9499969482422
599,41,Callaway X Hot Laser Rangefinder,,229.990005493164
600,41,Nike Women's Pro Victory Compression Bra,,21.9899997711182
601,41,GoPro HERO3+ Black Edition Camera,,399.989990234375
602,41,Nike Elite Crew Basketball Sock,,14
603,41,Under Armour Hustle Backpack,,54.9900016784668
604,41,Nike Dri-FIT Crew Sock 6 Pack,,22
605,41,Nike Hoops Elite Team Backpack,,70
606,41,Bushnell 2014 Tour V3 Patriot Pack Laser Rang,,299.989990234375
607,41,Garmin Approach S3 Golf GPS Watch,,249.990005493164
608,41,Garmin Forerunner 220 GPS Watch,,249.990005493164
609,41,Garmin Approach G6 Golf GPS,,249.990005493164
610,41,GolfBuddy Voice GPS,,119.98999786377
611,41,Garmin Women's Forerunner 10 GPS Watch,,129.990005493164
612,41,Garmin vivofit Fitness Band with HRM,,169.990005493164
613,41,Garmin Forerunner 10 GPS Watch,,129.990005493164
614,41,Fitbit The One Wireless Activity & Sleep Trac,,99.9499969482422
615,41,Primos Truth Cam Supercharged Blackout 7 MP G,,99.9899978637695
616,41,Nike+ Sportwatch GPS Powered by TomTom with S,,169
617,41,Nike Hyper Elite Crew Basketball Sock,,18
618,41,Nike Women's Pro Printed Sports Bra,,25.9899997711182
619,41,Nike Vapor Crew Football Sock,,18
620,41,Nike Women's Pro Padded Sports Bra,,40
621,29,Under Armour Men's Performance Chino Straight,,79.9899978637695
622,29,Nike Kids' Toddler Air KD VII Basketball Shoe,,49.9900016784668
623,29,adidas Men's Energy Boost Icon Metal Baseball,,149.990005493164
624,29,adidas Batting Helmet Hardware Kit,,4.98999977111816
625,29,Nike Men's Kobe IX Elite Low Basketball Shoe,,199.990005493164
626,29,Nike Men's KD VII Basketball Shoe,,149.990005493164
627,29,Under Armour Girls' Toddler Spine Surge Runni,,39.9900016784668
628,29,Under Armour Elevate 22 oz. Leak-Proof Water ,,15.9899997711182
629,29,Nike Men's LeBron XI Low Basketball Shoe,,169.990005493164
630,29,ASICS Men's GEL-Blast 6 Volleyball Shoe,,139.990005493164
631,29,Nike Lunarwaverly Golf Shoes,,139.990005493164
632,29,Nike Lunarwaverly Golf Shoes,,139.990005493164
633,29,Nike Lunarwaverly Golf Shoes,,139.990005493164
634,29,Nike Lunarwaverly Golf Shoes,,139.990005493164
635,29,Nike Lunar Mount Royal Golf Shoes,,99.9899978637695
636,29,Nike Lunar Mount Royal Golf Shoes,,99.9899978637695
637,29,Nike Lunar Mount Royal Golf Shoes,,99.9899978637695
638,29,Nike Lunar Mount Royal Golf Shoes,,99.9899978637695
639,29,Columbia Men's PFG Terminal Elements Marlin T,,30
640,29,Columbia Men's PFG Fear the Moray T-Shirt,,30
641,29,Columbia Men's PFG Master Caster T-Shirt,,30
642,29,Columbia Men's PFG Anchor Tough T-Shirt,,30
643,29,Nike Lunar Cypress Golf Shoes,,99.9899978637695
644,29,Nike Lunar Cypress Golf Shoes,,99.9899978637695
645,30,Roxy Women's Steamer Long Sleeve Rash Guard,,68
646,30,Merrell Women's Grassbow Sport Hiking Shoe,,99.9899978637695
647,30,Merrell Women's Siren Mid Waterproof Hiking B,,134.990005493164
648,30,Merrell Women's Siren Mid Waterproof Hiking B,,134.990005493164
649,30,Merrell Men's Chameleon Prime Stretch Realtre,,109.98999786377
650,30,Merrell Men's Chameleon Prime Stretch Hiking ,,109.98999786377
651,30,Merrell Men's Chameleon Prime Stretch Realtre,,129.990005493164
652,30,Merrell Women's Grassbow Sport Waterproof Hik,,129.990005493164
653,30,Merrell Women's Grassbow Sport Hiking Shoe,,99.9899978637695
654,30,Merrell Men's Moab Rover Waterproof Wide Hiki,,109.98999786377
655,30,Merrell Men's Moab Rover Waterproof Wide Hiki,,109.98999786377
656,30,Merrell Men's Moab Rover Waterproof Wide Hiki,,109.98999786377
657,30,Merrell Women's Azura Wide Hiking Shoe,,99.9899978637695
658,30,Merrell Women's Azura Hiking Shoe,,99.9899978637695
659,30,Merrell Men's Moab Rover Waterproof Wide Hiki,,119.98999786377
660,30,Merrell Men's Moab Rover Waterproof Hiking Sh,,119.98999786377
661,30,Merrell Women's Azura Wide Hiking Shoe,,99.9899978637695
662,30,Merrell Women's Azura Hiking Shoe,,99.9899978637695
663,30,Merrell Men's Moab Rover Mid Waterproof Wide ,,139.990005493164
664,30,Merrell Men's Moab Rover Mid Waterproof Wide ,,139.990005493164
665,30,Merrell Men's Moab Rover Mid Waterproof Hikin,,139.990005493164
666,30,Merrell Men's All Out Flash Trail Running Sho,,109.98999786377
667,30,Merrell Women's All Out Flash Trail Running S,,109.98999786377
668,30,Merrell Women's All Out Flash Trail Running S,,109.98999786377
669,31,Cleveland Golf My Custom Wedge 588 Forged RTX,,179.990005493164
670,31,Cleveland Golf Elite My Custom Wedge 588 Forg,,209.990005493164
671,31,Cleveland Golf Collegiate My Custom Wedge 588,,209.990005493164
672,31,PING G30 Driver,,349
673,31,PING G30 Fairway Wood,,249
674,31,PING G30 Hybrid,,219
675,31,PING G30 Irons - (Steel) 4-UW,,799
676,31,PING G30 Irons - (Graphite) 4-UW,,899
677,31,TaylorMade White Smoke IN-12 Putter,,99.9899978637695
678,31,TaylorMade White Smoke MC-72 Putter,,99.9899978637695
679,31,Tour Edge Exotics CB Pro S Forged Wedge,,99.9899978637695
680,31,Boccieri Golf EL C2-M Counterbalance Putter,,149.990005493164
681,31,Boccieri Golf EL C2-M Counterbalance Putter,,119.98999786377
682,31,Boccieri Golf EL L3-M Counterbalance Putter,,149.990005493164
683,31,Boccieri Golf EL L3-M Counterbalance Putter,,119.98999786377
684,31,PING Scottsdale TR Anser 2B Counterbalance Pu,,199.990005493164
685,31,TaylorMade SLDR Irons - (Steel) 4-PW\, AW,,899.989990234375
686,31,MDGolf Texas Longhorns Putter,,79.9899978637695
687,31,MDGolf Alabama Crimson Tide Putter,,79.9899978637695
688,31,Tour Edge XCG7 Irons - (Steel) 4-PW,,499.989990234375
689,31,Tour Edge XCG7 Irons - (Graphite) 4-PW,,599.989990234375
690,31,Tour Edge XCG7 X-LITE Hybrid/Irons - (Graphit,,599.989990234375
691,31,MDGolf Pittsburgh Penguins Putter,,79.9899978637695
692,31,MDGolf Philadelphia Flyers Putter,,79.9899978637695
693,32,Top Flite Women's XL 12-Piece Complete Set - ,,179.979995727539
694,32,Callaway Women's Solaire Gems 20-Piece Comple,,999.989990234375
695,32,Callaway Women's Solaire Gems 20-Piece Comple,,999.989990234375
696,32,Wilson Women's Profile Petite 11-Piece Comple,,299.989990234375
697,32,Tour Edge Women's Moda Silk 18-Piece Complete,,599.989990234375
698,32,Cleveland Women's 588 Altitude Hybrid/Irons -,,699.989990234375
699,32,Tour Edge Women's Moda Silk 18-Piece Complete,,599.989990234375
700,32,Top Flite Women's 2014 XL Driver,,29.9899997711182
701,32,Top Flite Women's 2014 XL Fairway,,19.9899997711182
702,32,Top Flite Women's Tour Black PVD Wedge,,59.9900016784668
703,32,Top Flite Women's 2014 XL Hybrid,,19.9899997711182
704,32,Cobra Women's AMP CELL-S Irons - (Graphite) 5,,499.989990234375
705,32,Cleveland Golf Women's 588 RTX CB Satin Chrom,,119.98999786377
706,32,Top Flite Women's 2014 1.0 Blade Putter,,29.9899997711182
707,32,Top Flite Women's 2014 2.0 Mallet Putter,,29.9899997711182
708,32,Adams Golf Women's Idea Tech V4 Hybrid/Iron S,,499.989990234375
709,32,Top Flite Women's Aero Adjustable Driver - Gr,,99.9899978637695
710,32,Top Flite Women's Aero Adjustable Driver - Pi,,99.9899978637695
711,32,Top Flite Women's Aero Fairway,,49.9900016784668
712,32,Top Flite Women's Aero Hybrid,,49.9900016784668
713,32,TaylorMade Women's RBZ SL Driver,,199.990005493164
714,32,TaylorMade Women's RBZ SL Fairway,,179.990005493164
715,32,TaylorMade Women's RBZ SL Rescue,,129.990005493164
716,32,TaylorMade Women's RBZ SL Irons - (Graphite) ,,449.989990234375
717,33,Under Armour Men's Performance Chino Straight,,79.9899978637695
718,33,Nike Lunarwaverly Golf Shoes,,139.990005493164
719,33,Nike Lunar Cypress Golf Shoes,,99.9899978637695
720,33,LIJA Women's Eyelet Golf Skort,,90
721,33,LIJA Women's Golf Beanie,,10.8000001907349
722,33,LIJA Women's Golf Hat,,27
723,33,LIJA Women's Golf Visor,,22.5
724,33,LIJA Women's Mid-Length Panel Golf Shorts,,100
725,33,LIJA Women's Button Golf Dress,,108
726,33,LIJA Women's Ace Sleeveless Golf Polo,,58.5
727,33,LIJA Women's Long Sleeve Golf Quarter-Zip Pul,,80
728,33,LIJA Women's Eyelet Sleeveless Golf Polo,,65
729,33,LIJA Women's Open Neck Print Golf Polo,,80
730,33,LIJA Women's Argyle Golf Polo,,80
731,33,LIJA Women's Mandarin Sleeveless Golf Polo,,63
732,33,LILJA Women's Ace Golf Polo,,70
733,33,Nike Women's Lunar Empress Golf Shoes,,99.9899978637695
734,33,Black Clover Men's Premium Clover Mesh Back G,,27
735,33,Black Clover Men's Premium Clover Mesh Back G,,27
736,33,Black Clover Men's Premium Clover Fitted Golf,,27
737,33,Black Clover Men's Premium Clover Flex Fit Go,,27
738,33,Sport Haley Women's Embossed Golf Polo,,76
739,33,Nike TW 14 Mesh Golf Shoes,,169.990005493164
740,33,Nike TW 14 Mesh Golf Shoes,,169.990005493164
741,34,FootJoy GreenJoys Golf Shoes,,59.9900016784668
742,34,FootJoy GreenJoys Golf Shoes,,59.9900016784668
743,34,Ogio Race Golf Shoes,,169.990005493164
744,34,Ogio Race Golf Shoes,,169.990005493164
745,34,Ogio City Spiked Golf Shoes,,149.990005493164
746,34,Ogio City Spiked Golf Shoes,,149.990005493164
747,34,Ogio City Spiked Golf Shoes,,149.990005493164
748,34,Ogio City Turf Golf Shoes,,129.990005493164
749,34,Ogio City Turf Golf Shoes,,129.990005493164
750,34,Ogio City Turf Golf Shoes,,129.990005493164
751,34,Ogio Sport Golf Shoes,,99.9899978637695
752,34,Ogio Sport Golf Shoes,,99.9899978637695
753,34,Ogio Sport Golf Shoes,,99.9899978637695
754,34,TRUE linkswear Lyt Dry Golf Shoes,,149.990005493164
755,34,TRUE linkswear Lyt Dry Golf Shoes,,149.990005493164
756,34,TRUE linkswear Lyt Dry Golf Shoes,,149.990005493164
757,34,TRUE linkswear Vegas Golf Shoes,,99.9899978637695
758,34,TRUE linkswear Vegas Golf Shoes,,99.9899978637695
759,34,Nike Lunarwaverly Golf Shoes,,139.990005493164
760,34,Nike Lunarwaverly Golf Shoes,,139.990005493164
761,34,Nike Lunarwaverly Golf Shoes,,139.990005493164
762,34,Nike Lunarwaverly Golf Shoes,,139.990005493164
763,34,PING Golf Shoe Bag,,34.9900016784668
764,34,Nike Lunar Mount Royal Golf Shoes,,99.9899978637695
765,35,Club Glove Burst Proof with Wheels II Travel ,,219.990005493164
766,35,Club Glove Last Bag,,299.989990234375
767,35,Callaway 2014 Limited-Edition Hyper-Lite 5 St,,199.990005493164
768,35,Titleist Club Glove Travel Cover,,299.989990234375
769,35,Clicgear Rovic Wheel Cover,,14.9899997711182
770,35,Clicgear Rovic Cart Seat,,49.9900016784668
771,35,Clicgear Rovic Cooler Bag,,39.9900016784668
772,35,Clicgear Rovic Shoe Brush,,9.98999977111816
773,35,Titleist Small Wheeled Travel Cover,,249.990005493164
774,35,Clicgear 8.0 Pack Sack,,27.9899997711182
775,35,Clicgear 8.0 Shoe Brush,,9.98999977111816
776,35,Bag Boy C3 Push Cart,,199.990005493164
777,35,Bag Boy M330 Push Cart,,79.9899978637695
778,35,Bag Boy Beverage Holder,,24.9899997711182
779,35,Bag Boy Cart Seat,,49.9900016784668
780,35,Bag Boy Express DLX Pro Push Cart,,159.990005493164
781,35,TaylorMade Performance Travel Cover,,199.990005493164
782,35,Maxfli Tour Travel Cover,,149.990005493164
783,35,Titleist 2014 Lightweight Stand Bag,,199.990005493164
784,35,Bag Boy Hybrid Pivot Grip Travel Cover,,199.990005493164
785,35,PING 2014 Hoofer 14 Stand Bag,,219.990005493164
786,35,TaylorMade 2014 Purelite Stand Bag,,179.990005493164
787,35,Nike 2014 Air Sport Stand Bag,,149.990005493164
788,35,Titleist 2014 14-Way Stand Bag,,209.990005493164
789,36,TaylorMade Men's Burner LTD Golf Glove,,12.9899997711182
790,36,FootJoy Men's StaCool Golf Glove,,13.9899997711182
791,36,Hirzl Women's Trust Feel Golf Glove,,24.9899997711182
792,36,Hirzl Men's Hybrid Golf Glove,,14.9899997711182
793,36,Hirzl Women's Hybrid Golf Glove,,14.9899997711182
794,36,Hirzl Women's Trust Control Golf Glove,,24.9899997711182
795,36,Hirzl Men's Soffft Flex Golf Glove,,17.9899997711182
796,36,Callaway Women's X-Tech Golf Glove - White/Pi,,12.9899997711182
797,36,Hirzl Women's Soffft Flex Golf Glove,,17.9899997711182
798,36,Glove It Women's Urban Brick Golf Glove,,19.9899997711182
799,36,Glove It Women's Versailles Golf Glove,,19.9899997711182
800,36,Glove It Women's Navy Clear Dot Golf Glove,,19.9899997711182
801,36,Glove It Women's Pink Clear Dot Golf Glove,,19.9899997711182
802,36,Glove It Women's Olive Bling Golf Glove,,19.9899997711182
803,36,Glove It Women's Silver Bling Golf Glove,,19.9899997711182
804,36,Glove It Women's Imperial Golf Glove,,19.9899997711182
805,36,Glove It Women's Red Clear Dot Golf Glove,,19.9899997711182
806,36,Glove It Women's Violet Bling Golf Glove,,24.9899997711182
807,36,Glove It Women's Hot Pink Bling Golf Glove,,19.9899997711182
808,36,Glove It Women's Calypso Golf Glove,,19.9899997711182
809,36,Glove It Women's 19th Hole Golf Glove,,19.9899997711182
810,36,Glove It Women's Mod Oval Golf Glove,,19.9899997711182
811,36,Glove It Women's Silver Willow Golf Glove,,19.9899997711182
812,36,Glove It Women's Trellis Golf Glove,,19.9899997711182
813,37,Callaway HX Practice Golf Balls - 18 Pack,,19.9899997711182
814,37,Callaway HX Practice Golf Balls - 9 Pack,,12.9899997711182
815,37,Zero Friction Practice Golf Balls - 12 Pack,,4.98999977111816
816,37,Titleist Pro V1 Golf Balls,,47.9900016784668
817,37,Titleist Pro V1 Personalized Golf Balls,,51.9900016784668
818,37,Titleist Pro V1x Golf Balls,,47.9900016784668
819,37,Titleist Pro V1x Personalized Golf Balls,,51.9900016784668
820,37,Titleist Pro V1 High Numbers Golf Balls,,47.9900016784668
821,37,Titleist Pro V1 High Numbers Personalized Gol,,51.9900016784668
822,37,Titleist Pro V1x High Numbers Golf Balls,,47.9900016784668
823,37,Titleist Pro V1x High Numbers Personalized Go,,51.9900016784668
824,37,Titleist Pro V1 Double Number Golf Balls,,51.9900016784668
825,37,Bridgestone e6 Straight Distance NFL Tennesse,,31.9899997711182
826,37,Bridgestone e6 Straight Distance NFL Tampa Ba,,31.9899997711182
827,37,Bridgestone e6 Straight Distance NFL Seattle ,,31.9899997711182
828,37,Bridgestone e6 Straight Distance NFL San Dieg,,31.9899997711182
829,37,Bridgestone e6 Straight Distance NFL San Fran,,31.9899997711182
830,37,Bridgestone e6 Straight Distance NFL Miami Do,,31.9899997711182
831,37,Bridgestone e6 Straight Distance NFL Jacksonv,,31.9899997711182
832,37,Bridgestone e6 Straight Distance NFL Indianap,,31.9899997711182
833,37,Bridgestone e6 Straight Distance NFL Houston ,,31.9899997711182
834,37,Bridgestone e6 Straight Distance NFL Detroit ,,31.9899997711182
835,37,Bridgestone e6 Straight Distance NFL Carolina,,31.9899997711182
836,37,Bridgestone e6 Straight Distance NFL Baltimor,,31.9899997711182
837,38,Voice Caddie SC100 Portable Golf Launch Monit,,269.989990234375
838,38,Voice Caddie SC100 Portable Golf Launch Monit,,269.989990234375
839,38,GolfBuddy VS4 Golf GPS,,149.990005493164
840,38,Zepp Golf Swing Analyzer,,149.990005493164
841,38,SkyCaddie LINX Golf GPS Watch,,249.990005493164
842,38,Bushnell 2014 Tour V3 Patriot Pack Laser Rang,,299.989990234375
843,38,Bushnell 2014 Tour V3 Slope Patriot Pack Lase,,399.989990234375
844,38,SkyCaddie LINX Golf GPS Watch,,249.990005493164
845,38,Garmin Approach S4 Golf GPS Watch,,299.989990234375
846,38,geckobrands iPhone Waterproof Dry Bag,,19.9899997711182
847,38,geckobrands Galaxy Waterproof Dry Bag,,19.9899997711182
848,38,geckobrands Galaxy Waterproof Dry Bag,,19.9899997711182
849,38,geckobrands Galaxy Waterproof Dry Bag,,19.9899997711182
850,38,geckobrands Galaxy Waterproof Dry Bag,,19.9899997711182
851,38,geckobrands iPhone Waterproof Dry Bag,,19.9899997711182
852,38,geckobrands iPhone Waterproof Dry Bag,,19.9899997711182
853,38,geckobrands iPhone Waterproof Dry Bag,,19.9899997711182
854,38,Maxfli Digital Golf Scope,,39.9900016784668
855,38,Nikon COOLSHOT AS Slope Laser Rangefinder,,349.989990234375
856,38,Nikon COOLSHOT Laser Rangefinder,,279.989990234375
857,38,GolfBuddy PT4 Touchscreen GPS,,399.989990234375
858,38,GolfBuddy VT3 GPS Watch,,199.990005493164
859,38,Garmin Approach G8 Golf GPS,,399.989990234375
860,38,Bushnell Pro X7 Jolt Slope Rangefinder,,599.989990234375
861,39,Cobra Junior Kids' Complete Set (Height 53'' ,,199.990005493164
862,39,Cobra Junior Kids' Complete Set (Height 46'' ,,179.990005493164
863,39,Top Flite Kids' 2014 XLj Complete Set (Height,,129.990005493164
864,39,Top Flite Kids' 2014 XLj Complete Set (Height,,129.990005493164
865,39,Top Flite Kids' 2014 XLj Complete Set (Height,,109.98999786377
866,39,Top Flite Kids' 2014 XLj Complete Set (Height,,109.98999786377
867,39,Top Flite Kids' 2014 XLj Complete Set (Height,,109.98999786377
868,39,Top Flite Kids' XLj Driver (Height 53'' and a,,34.9900016784668
869,39,Top Flite Kids' XLj 7 Iron (Height 53'' and a,,19.9899997711182
870,39,Top Flite Kids' XLj Sand Wedge (Height 53'' a,,19.9899997711182
871,39,Top Flite Kids' XLj Putter (Height 53'' and a,,19.9899997711182
872,39,Top Flite Kids' XLj Driver (Height 46''-52''),,34.9900016784668
873,39,Top Flite Kids' XLj 7 Iron (Height 46'' - 52',,19.9899997711182
874,39,Top Flite Kids' XLj Sand Wedge (Height 46'' t,,19.9899997711182
875,39,Top Flite Kids' XLj Putter (Height 46'' - 52',,19.9899997711182
876,39,Top Flite Kids' XLj Driver (Height 45'' and u,,34.9900016784668
877,39,Top Flite Kids' XLj 7 Iron (Height 45'' and u,,19.9899997711182
878,39,Top Flite Kids' XLj Sand Wedge (Height 45'' a,,19.9899997711182
879,39,Top Flite Kids' XLj Putter (Height 45'' and u,,19.9899997711182
880,39,PING Kids' My First Putter,,139.990005493164
881,39,Tour Edge Kids' HT Max-J Complete Set (Height,,109.98999786377
882,39,Tour Edge Kids' HT Max-J Complete Set (Height,,109.98999786377
883,39,Tour Edge Girls' HT Max-J Complete Set (Heigh,,109.98999786377
884,39,Tour Edge Girls' HT Max-J Complete Set (Heigh,,109.98999786377
885,40,Team Golf St. Louis Cardinals Putter Grip,,24.9899997711182
886,40,Team Golf San Francisco Giants Putter Grip,,24.9899997711182
887,40,Team Golf New York Yankees Putter Grip,,24.9899997711182
888,40,Team Golf Detroit Tigers Putter Grip,,24.9899997711182
889,40,Team Golf Chicago Cubs Putter Grip,,24.9899997711182
890,40,Team Golf Boston Red Sox Putter Grip,,24.9899997711182
891,40,Team Golf Washington Redskins Putter Grip,,24.9899997711182
892,40,Team Golf San Francisco 49ers Putter Grip,,24.9899997711182
893,40,Team Golf Pittsburgh Steelers Putter Grip,,24.9899997711182
894,40,Team Golf Dallas Cowboys Putter Grip,,24.9899997711182
895,40,Team Golf Oakland Raiders Putter Grip,,24.9899997711182
896,40,Team Golf New York Giants Putter Grip,,24.9899997711182
897,40,Team Golf New England Patriots Putter Grip,,24.9899997711182
898,40,Team Golf Minnesota Vikings Putter Grip,,24.9899997711182
899,40,Team Golf Green Bay Packers Putter Grip,,24.9899997711182
900,40,Team Golf Chicago Bears Putter Grip,,24.9899997711182
901,40,Team Golf Baltimore Ravens Putter Grip,,24.9899997711182
902,40,Team Golf West Virginia Mountaineers Putter G,,24.9899997711182
903,40,Team Golf Missouri Tigers Putter Grip,,24.9899997711182
904,40,Team Golf Wisconsin Badgers Putter Grip,,24.9899997711182
905,40,Team Golf Texas Longhorns Putter Grip,,24.9899997711182
906,40,Team Golf Tennessee Volunteers Putter Grip,,24.9899997711182
907,40,Team Golf South Carolina Gamecocks Putter Gri,,24.9899997711182
908,40,Team Golf Penn State Nittany Lions Putter Gri,,24.9899997711182
909,41,PING Golf Shoe Bag,,34.9900016784668
910,41,LIJA Women's Golf Beanie,,10.8000001907349
911,41,LIJA Women's Golf Hat,,27
912,41,LIJA Women's Golf Visor,,22.5
913,41,Golf Pride Decade MultiCompound Platinum Stan,,9.59000015258789
914,41,Golf Pride Decade MultiCompound Platinum Stan,,9.59000015258789
915,41,Golf Pride Decade MultiCompound Platinum Stan,,9.59000015258789
916,41,Glove It Women's Urban Brick 3-Zip Carry All ,,21.9899997711182
917,41,Glove It Women's Mod Oval 3-Zip Carry All Gol,,21.9899997711182
918,41,Glove It Women's Calypso 3-Zip Carry All Golf,,21.9899997711182
919,41,Glove It Women's Imperial 3-Zip Carry All Gol,,21.9899997711182
920,41,Glove It Women's Silver Willow 3-Zip Carry Al,,21.9899997711182
921,41,Glove It Women's Santa Cruz 3-Zip Carry All G,,21.9899997711182
922,41,Glove It Women's Trellis 3-Zip Carry All Golf,,21.9899997711182
923,41,Glove It Women's Leopard 3-Zip Carry All Golf,,21.9899997711182
924,41,Glove It Urban Brick Golf Towel,,15.9899997711182
925,41,Glove It Mod Oval Golf Towel,,15.9899997711182
926,41,Glove It Imperial Golf Towel,,15.9899997711182
927,41,Glove It Silver Willow Golf Towel,,15.9899997711182
928,41,Glove It Santa Cruz Golf Towel,,15.9899997711182
929,41,Glove It Trellis Golf Towel,,15.9899997711182
930,41,Glove It Nine and Wine Golf Towel,,15.9899997711182
931,41,Glove It Women's Perforated 3-Zip Carry All G,,29.9899997711182
932,41,Glove It Women's Pink Snake 3-Zip Carry All G,,29.9899997711182
933,42,Nike VR_S Covert Driver,,179.990005493164
934,42,Callaway X Hot Driver,,0
935,42,TaylorMade RocketBallz Stage 2 Driver,,169.990005493164
936,42,Cleveland Golf Classic XL Driver,,119.98999786377
937,42,Cobra AMP Cell Driver - Orange,,169.990005493164
938,43,Diamondback Adult Sorrento Mountain Bike 2014,,299.980010986328
939,43,Nike+ Fuelband SE,,99
940,43,Diamondback Boys' Insight 24 Performance Hybr,,299.989990234375
941,43,Diamondback Girls' Clarity 24 Hybrid Bike 201,,299.989990234375
942,43,Diamondback Adult Outlook Mountain Bike 2014,,309.989990234375
943,43,Diamondback Adult Response XE Mountain Bike 2,,349.980010986328
944,43,GoPro HERO3+ Black Edition Camera,,399.989990234375
945,43,Rollerblade Men's Spark 84 Inline Skate,,159.990005493164
946,43,Diamondback Adult Wildwood Citi Classic Comfo,,269.989990234375
947,43,Diamondback Adult Edgewood Hybrid Bike 2014,,299.980010986328
948,43,Rollerblade Women's Spark 84 Inline Skates,,159.990005493164
949,43,Thule Trailway 4-Bike Hitch Vehicle Rack,,199.979995727539
950,43,Diamondback Grind BMX Bike 2014,,199.990005493164
951,43,Diamondback Women's Vital 2 Hybrid Bike 2014,,299.980010986328
952,43,Yakima DoubleDown Ace Hitch Mount 4-Bike Rack,,189
953,43,Diamondback Adult Trace Hybrid Bike 2014,,449.989990234375
954,43,Nishiki Women's Tamarack Comfort Bike 2014,,299.989990234375
955,43,Diamondback Women's Clarity Hybrid Bike 2013,,399.989990234375
956,43,Diamondback Adult Wildwood Classic Comfort Bi,,299.980010986328
957,43,Diamondback Women's Serene Classic Comfort Bi,,299.980010986328
958,43,Nishiki Adult Montour Hybrid Bike 2014,,299.989990234375
959,43,Diamondback Adult Insight Hybrid Bike 2013,,399.989990234375
960,43,Saris Bones 2-Bike Rack,,125.98999786377
961,43,Diamondback Women's Clarity 1 Hybrid Bike 201,,399.989990234375
962,44,Quest Q64 10 FT. x 10 FT. Slant Leg Instant U,,59.9799995422363
963,44,MAC Sports Collapsible Wagon,,69.9899978637695
964,44,Coleman River Gorge 6 Person Dome Tent,,79.9800033569336
965,44,ENO DoubleNest Two Person Hammock,,69.9899978637695
966,44,Quik Shade Summit SX170 10 FT. x 10 FT. Canop,,199.990005493164
967,44,Kijaro Dual Lock Chair,,29.9899997711182
968,44,Quest 12' x 12' Dome Canopy,,149.990005493164
969,44,Coleman River Gorge 8 Person Tent,,139.979995727539
970,44,Quest Q100 10' X 10' Dome Canopy,,99.9800033569336
971,44,SKLZ Sport-Brella XL,,69.9899978637695
972,44,E-Z Up Vista 12' x 12' Recreational Instant S,,134.990005493164
973,44,Kijaro XXL Dual Lock Oversized Chair,,39.9900016784668
974,44,The North Face Women's Stinson Rain Jacket,,90
975,44,Eureka! Tetragon 5 Five Person Tent,,129.990005493164
976,44,Columbia Women's Sandy River Shorts,,21.9899997711182
977,44,ENO Atlas Hammock Straps,,29.9899997711182
978,44,YETI Tundra 65 Chest Cooler,,399.989990234375
979,44,Quest 12' x 12' Screen House,,69.9899978637695
980,44,Quest Oversized Arm Chair,,21.9899997711182
981,44,The North Face Women's Recon Backpack,,99
982,44,insta-bed Neverflat Air Mattress,,149.990005493164
983,44,YETI Roadie 20 Chest Cooler,,249.990005493164
984,44,Quest Eagle Peak 6 Person Tent,,79.9899978637695
985,44,Coleman RoadTrip LXE Grill,,189.990005493164
986,45,Under Armour Men's Highlight MC Football Clea,,129.990005493164
987,45,GoPro HERO3+ Black Edition Camera,,399.989990234375
988,45,Under Armour Men's Ignite Camo II Slide,,34.9900016784668
989,45,Under Armour Men's Highlight MC Football Clea,,129.990005493164
990,45,Under Armour WWP Freedom Flag T-Shirt,,27.9899997711182
991,45,Bushnell 2014 Tour V3 Patriot Pack Laser Rang,,299.989990234375
992,45,Under Armour Men's Highlight MC Football Clea,,129.990005493164
993,45,Under Armour Men's Highlight MC Football Clea,,129.990005493164
994,45,Primos Truth Cam Supercharged Blackout 7 MP G,,99.9899978637695
995,45,Bushnell 2014 Tour V3 Slope Patriot Pack Lase,,399.989990234375
996,45,Bushnell Golf Tour v3 Patriot Pack Laser Rang,,299.989990234375
997,45,Under Armour Men's Highlight MC Football Clea,,129.990005493164
998,45,Bushnell NEO-X Golf GPS Watch,,179.990005493164
999,45,Timberland PRO Men's Pit Boss 6" Steel Toe Wo,,99.9899978637695
1000,45,Nikon Monarch 5 10x42 Binoculars,,329.989990234375
1001,45,GoPro HERO3+ Silver Edition Camera,,299.989990234375
1002,45,Under Armour Women's Ignite VI Camo Slide,,34.9900016784668
1003,45,Nike Men's Free TR 5.0 (LSA Pack) Training Sh,,109.98999786377
1004,45,Field & Stream Sportsman 16 Gun Fire Safe,,399.980010986328
1005,45,Diamond Infinite Edge RTH Compound Bow Packag,,349.989990234375
1006,45,O'Brien Neoprene Pet Life Vest,,39.9900016784668
1007,45,Realtree Outfitters Men's Cobra Realtree Xtra,,49.9900016784668
1008,45,Cuddeback Ambush IR Scouting Camera,,119.98999786377
1009,45,Diamond Fear No Evil Compound Bow Package,,599.989990234375
1010,46,DBX Vector Series Men's Nylon Life Vest,,19.9799995422363
1011,46,Old Town Canoe Saranac 146 Canoe,,499.989990234375
1012,46,Pelican Trailblazer 100 Angler Fishing Kayak,,299.989990234375
1013,46,Perception Sport Swifty Deluxe 9.5 Kayak,,349.989990234375
1014,46,O'Brien Men's Neoprene Life Vest,,49.9799995422363
1015,46,GoPro HERO3+ Black Edition Camera,,399.989990234375
1016,46,Field & Stream 12' Eagle Run Kayak,,549.989990234375
1017,46,DBX Vector Series Women's Nylon Life Vest,,19.9799995422363
1018,46,Coleman Scanoe Canoe,,399.989990234375
1019,46,O'Brien Youth Neoprene Life Vest,,44.9799995422363
1020,46,Field & Stream Eagle Talon Kayak,,549.989990234375
1021,46,Old Town Trip 10 Angler Deluxe Kayak,,499.989990234375
1022,46,O'Brien Women's Neoprene Life Vest,,49.9799995422363
1023,46,Quest Pioneer Adjustable Aluminum Kayak Paddl,,29.9899997711182
1024,46,Columbia Women's Sandy River Shorts,,21.9899997711182
1025,46,Future Beach Trophy 126 Kayak,,369.989990234375
1026,46,Quantum Smoke PT Spinning Reels,,119.98999786377
1027,46,DBX Vector Series Youth Nylon Life Vest,,34.9900016784668
1028,46,YETI Tundra 65 Chest Cooler,,399.989990234375
1029,46,DBX 4 Buckle Nylon Life Vest,,39.9900016784668
1030,46,Perception Sport Striker 11.5 Angler Kayak,,499.989990234375
1031,46,YETI Roadie 20 Chest Cooler,,249.990005493164
1032,46,Sun Dolphin Sun Slider 5-Seated Pedal Boat wi,,499.989990234375
1033,46,YETI Tundra 45 Chest Cooler,,349.989990234375
1034,47,Nike+ Fuelband SE,,99
1035,47,Goaliath 54" In-Ground Basketball Hoop with P,,499.989990234375
1036,47,Fitbit Flex Wireless Activity & Sleep Wristba,,99.9499969482422
1037,47,Nike Women's Pro Core 3" Compression Shorts,,28
1038,47,Kan Jam Disc Game,,39.9900016784668
1039,47,Nike Women's Pro Victory Compression Bra,,21.9899997711182
1040,47,Stiga Master Series ST3100 Competition Indoor,,329.989990234375
1041,47,Nike Women's Pro Hyperwarm Fitted Tights,,24.9699993133545
1042,47,Under Armour Hustle Backpack,,54.9900016784668
1043,47,Nike Women's Legend V-Neck T-Shirt,,25
1044,47,Nike Hoops Elite Team Backpack,,70
1045,47,Teeter Hang Ups NXT-S Inversion Table,,299.989990234375
1046,47,Quest 15 FT Trampoline Enclosure Combo,,499.989990234375
1047,47,Under Armour Men's Ignite Camo II Slide,,34.9900016784668
1048,47,Spalding Beast 60" Glass Portable Basketball ,,1099.98999023438
1049,47,Under Armour Boys' Match Play Golf Polo,,29.9899997711182
1050,47,McDavid HEX Extended Leg Sleeves,,29.9899997711182
1051,47,Garmin Forerunner 220 GPS Watch,,249.990005493164
1052,47,Lifetime Elite 52" Portable Basketball Hoop,,399.989990234375
1053,47,Garmin Women's Forerunner 10 GPS Watch,,129.990005493164
1054,47,Spalding NBA 54" Glass Portable Basketball Ho,,699.989990234375
1055,47,Nike Women's Pro Hyperwarm Half Zip Long Slee,,31.9699993133545
1056,47,Garmin vivofit Fitness Band with HRM,,169.990005493164
1057,47,Nike Men's Fly Shorts 2.0,,34
1058,48,Lifetime Freestyle XL Stand-Up Paddle Board,,399.989990234375
1059,48,Pelican Maverick 100X Kayak,,349.989990234375
1060,48,DBX Vector Series Men's Nylon Life Vest,,19.9799995422363
1061,48,Old Town Canoe Saranac 146 Canoe,,499.989990234375
1062,48,Pelican Vortex 80DLX Kayak,,199.990005493164
1063,48,Pelican Trailblazer 100 Angler Fishing Kayak,,299.989990234375
1064,48,Pelican Trailblazer 100 Kayak,,229.990005493164
1065,48,Perception Sport Swifty Deluxe 9.5 Kayak,,349.989990234375
1066,48,O'Brien Men's Neoprene Life Vest,,49.9799995422363
1067,48,Field & Stream 12' Eagle Run Kayak,,549.989990234375
1068,48,DBX Vector Series Women's Nylon Life Vest,,19.9799995422363
1069,48,Tiga 11'4" Stand-Up Paddle Board,,799.989990234375
1070,48,Coleman Scanoe Canoe,,399.989990234375
1071,48,Pelican Apex 100 Kayak,,229.990005493164
1072,48,O'Brien Youth Neoprene Life Vest,,44.9799995422363
1073,48,Pelican Sunstream 100 Kayak,,199.990005493164
1074,48,Field & Stream Eagle Talon Kayak,,549.989990234375
1075,48,Old Town Trip 10 Angler Deluxe Kayak,,499.989990234375
1076,48,Future Beach Spirit 120 Kayak,,269.989990234375
1077,48,O'Brien Women's Neoprene Life Vest,,49.9799995422363
1078,48,Quest Pioneer Adjustable Aluminum Kayak Paddl,,29.9899997711182
1079,48,Future Beach Trophy 126 Kayak,,369.989990234375
1080,48,DBX Vector Series Youth Nylon Life Vest,,34.9900016784668
1081,48,Snap OnTop Solo Kayak,,399.989990234375
1082,49,Quest Q64 10 FT. x 10 FT. Slant Leg Instant U,,59.9799995422363
1083,49,Brooks Women's Adrenaline GTS 13 Running Shoe,,89.9899978637695
1084,49,Lifetime Freestyle XL Stand-Up Paddle Board,,399.989990234375
1085,49,Pelican Maverick 100X Kayak,,349.989990234375
1086,49,Nike Men's Free 5.0+ Running Shoe,,99.9899978637695
1087,49,DBX Vector Series Men's Nylon Life Vest,,19.9799995422363
1088,49,Pelican Trailblazer 100 Angler Fishing Kayak,,299.989990234375
1089,49,Nike Women's Free 4.0 Running Shoe,,89.9899978637695
1090,49,Under Armour Women's Micro G Skulpt Running S,,54.9700012207031
1091,49,Pelican Trailblazer 100 Kayak,,229.990005493164
1092,49,Nike Men's Free 5.0 Running Shoe,,99.9899978637695
1093,49,Perception Sport Swifty Deluxe 9.5 Kayak,,349.989990234375
1094,49,Brooks Women's Ghost 6 Running Shoe,,89.9899978637695
1095,49,Quik Shade Summit SX170 10 FT. x 10 FT. Canop,,199.990005493164
1096,49,Nike Women's Free 5.0+ Running Shoe,,99.9899978637695
1097,49,Brooks Men's Adrenaline GTS 13 Running Shoe,,89.9899978637695
1098,49,Brooks Women's Ghost 6 Running Shoe,,89.9899978637695
1099,49,Kijaro Dual Lock Chair,,29.9899997711182
1100,49,ASICS Women's GEL-Noosa Tri 9 Running Shoe,,139.990005493164
1101,49,Nike Men's Air Max 2014 Running Shoe,,149.990005493164
1102,49,O'Brien Men's Neoprene Life Vest,,49.9799995422363
1103,49,Quest 12' x 12' Dome Canopy,,149.990005493164
1104,49,GoPro HERO3+ Black Edition Camera,,399.989990234375
1105,49,ASICS Women's GEL-Nimbus 15 Running Shoe,,119.98999786377
1106,50,Majestic Youth 2014 All-Star Game Andrew McCu,,60
1107,50,Majestic Youth 2014 All-Star Game Yadier Moli,,60
1108,50,Majestic Youth 2014 All-Star Game Troy Tulowi,,60
1109,50,Majestic Youth 2014 All-Star Game Yasiel Puig,,60
1110,50,Majestic Youth 2014 All-Star Game Freddie Fre,,60
1111,50,Majestic Youth 2014 All-Star Game Mike Trout ,,60
1112,50,Majestic Youth 2014 All-Star Game Miguel Cabr,,60
1113,50,Majestic Youth 2014 All-Star Game Masahiro Ta,,60
1114,50,Majestic Youth 2014 All-Star Game Derek Jeter,,60
1115,50,Majestic Youth 2014 All-Star Game Jose Abreu ,,60
1116,50,Majestic Men's 2014 All-Star Game Troy Tulowi,,130
1117,50,Majestic Men's 2014 All-Star Game Yasiel Puig,,130
1118,50,Majestic Men's 2014 All-Star Game Andrew McCu,,130
1119,50,Majestic Men's 2014 All-Star Game Yadier Moli,,130
1120,50,Majestic Men's 2014 All-Star Game Freddie Fre,,130
1121,50,Majestic Men's 2014 All-Star Game Mike Trout ,,130
1122,50,Majestic Men's 2014 All-Star Game Masahiro Ta,,130
1123,50,Majestic Men's 2014 All-Star Game Derek Jeter,,130
1124,50,Majestic Men's 2014 All-Star Game Miguel Cabr,,130
1125,50,Majestic Men's 2014 All-Star Game Jose Abreu ,,130
1126,50,Nike Men's New York Yankees Derek Jeter 2014 ,,34
1127,50,Nike Men's Pittsburgh Pirates Andrew McCutche,,34
1128,50,Nike Men's Los Angeles Angels Mike Trout 2014,,34
1129,50,Stitches Men's Pittsburgh Pirates Black Poly ,,50
1130,51,Nike Men's Cleveland Browns 'Money Manziel' T,,30
1131,51,Nike Men's Home Game Jersey Cleveland Browns ,,100
1132,51,Nike Men's Cleveland Browns Johnny Manziel 'M,,30
1133,51,Nike Johnny Football Camo Graphic T-Shirt,,30
1134,51,Nike Youth Home Game Jersey Cleveland Browns ,,70
1135,51,Nike Johnny Football Camo Jersey T-Shirt,,30
1136,51,Wild Sports Pittsburgh Steelers XL Tailgate B,,219.990005493164
1137,51,Nike Men's Cleveland Browns Johnny Manziel #2,,32
1138,51,Wild Sports Green Bay Packers XL Tailgate Bea,,219.990005493164
1139,51,Wild Sports Chicago Bears XL Tailgate Bean Ba,,219.990005493164
1140,51,Wild Sports Minnesota Vikings XL Tailgate Bea,,219.990005493164
1141,51,Nike Men's Cleveland Browns Johnny Football O,,28
1142,51,Nike Men's Home Game Jersey Denver Broncos Pe,,100
1143,51,Nike Men's Chicago Bears Navy Reversible Defe,,79.9700012207031
1144,51,Wilson NFL Autograph Official Football,,44.9900016784668
1145,51,Nike Men's Home Game Jersey Buffalo Bills Sam,,100
1146,51,Nike Men's Home Game Jersey Philadelphia Eagl,,100
1147,51,Nike Men's Home Game Jersey San Francisco 49e,,100
1148,51,Team Golf Pittsburgh Steelers Fairway Stand B,,179.990005493164
1149,51,Wild Sports Washington Redskins XL Tailgate B,,219.990005493164
1150,51,Wild Sports Dallas Cowboys XL Tailgate Bean B,,219.990005493164
1151,51,Nike Men's Chicago Bears Coaches Sideline 201,,34.9700012207031
1152,51,Nike Men's Home Game Jersey Pittsburgh Steele,,100
1153,51,Nike Men's Home Game Jersey New Orleans Saint,,100
1154,52,Reebok Men's Chicago Blackhawks Patrick Kane ,,170
1155,52,$10 Gift Card,,10
1156,52,Reebok Men's Boston Bruins Patrice Bergeron #,,170
1157,52,Reebok Men's Chicago Blackhawks Jonathan Toew,,170
1158,52,Reebok Men's Chicago Blackhawks Jonathan Toew,,170
1159,52,Reebok Youth Chicago Blackhawks Patrick Kane ,,65
1160,52,Reebok Women's Chicago Blackhawks Patrick Kan,,130
1161,52,Reebok Men's Detroit Red Wings 2014 NHL Cente,,26
1162,52,Reebok Men's Minnesota Wild 2014 NHL Center I,,26
1163,52,Reebok Men's Dallas Stars 2014 NHL Center Ice,,26
1164,52,Reebok Men's Buffalo Sabres 2014 NHL Center I,,26
1165,52,Reebok Men's Nashville Predators 2014 NHL Cen,,26
1166,52,Reebok Men's Pittsburgh Penguins 2014 NHL Cen,,26
1167,52,Reebok Men's Florida Panthers 2014 NHL Center,,26
1168,52,Reebok Men's Toronto Maple Leafs 2014 NHL Cen,,26
1169,52,Reebok Men's Los Angeles Kings 2014 NHL Cente,,26
1170,52,Reebok Men's Carolina Hurricanes 2014 NHL Cen,,26
1171,52,Reebok Men's Philadelphia Flyers 2014 NHL Cen,,26
1172,52,Reebok Men's Washington Capitals 2014 NHL Cen,,26
1173,52,Reebok Men's Vancouver Canucks 2014 NHL Cente,,26
1174,52,Reebok Men's Montreal Canadiens 2014 NHL Cent,,26
1175,52,Reebok Men's Boston Bruins 2014 NHL Center Ic,,26
1176,52,Reebok Men's Colorado Avalanche  2014 NHL Cen,,26
1177,52,Antigua Women's 2014 NHL Stanley Cup Champion,,54.9900016784668
1178,53,Nike Kids' Grade School KD VI Basketball Shoe,,99.9899978637695
1179,53,Nike Men's KD VI Basketball Shoe,,129.990005493164
1180,53,Nike Kids' Grade School LeBron XI Basketball ,,139.990005493164
1181,53,Nike Kids' Grade School KD VI Basketball Shoe,,99.9899978637695
1182,53,Nike Men's LeBron XI Basketball Shoe,,199.990005493164
1183,53,Nike Men's LeBron XI Low Basketball Shoe,,169.990005493164
1184,53,Nike Kids' Grade School KD VI Basketball Shoe,,99.9899978637695
1185,53,Nike Men's KD VII Basketball Shoe,,149.990005493164
1186,53,Nike Men's KD VI Basketball Shoe,,129.990005493164
1187,53,Nike Men's LeBron XI Basketball Shoe,,179.990005493164
1188,53,Nike Kids' Grade School LeBron XI Basketball ,,139.990005493164
1189,53,Nike Kids' Grade School Zoom Soldier VII Bask,,94.9899978637695
1190,53,Nike Men's Zoom Kobe Venomenon 4 Basketball S,,119.98999786377
1191,53,Nike Kids' Grade School KD VI Basketball Shoe,,89.9899978637695
1192,53,Nike Men's Kobe IX Elite Low Basketball Shoe,,199.990005493164
1193,53,Nike Men's LeBron XI Basketball Shoe,,199.990005493164
1194,53,Nike Kids' Grade School KD VI Basketball Shoe,,89.9899978637695
1195,53,Nike Men's Kobe IX Basketball Shoe,,159.990005493164
1196,53,Nike Men's Air LeBron 3 Elite Slide,,69.9899978637695
1197,53,Nike Men's KD VI Basketball Shoe,,129.990005493164
1198,53,Nike Kids' Grade School Zoom Soldier VII Bask,,84.9899978637695
1199,53,Nike Men's KD VI Elite Basketball Shoe,,199.990005493164
1200,53,Nike Kids' Grade School LeBron XI Basketball ,,139.990005493164
1201,53,Nike Kids' Grade School Kobe IX Elite Basketb,,124.98999786377
1202,54,Schutt Youth Recruit Hybrid Custom Football H,,99.9899978637695
1203,54,Nike Adult Pro Combat Hyperstrong Girdle,,63.9900016784668
1204,54,Nike Adult Pro Combat Hyperstrong 3/4 Girdle,,87.9899978637695
1205,54,Schutt Youth Vengeance DCT Hybrid Custom Foot,,129.990005493164
1206,54,Schutt Adult Integrated Football Pants,,39.9900016784668
1207,54,Nike Youth Pro Combat Hyperstrong 4 Pad Footb,,51.9900016784668
1208,54,Schutt Youth Vengeance DCT Hybrid+ Custom Foo,,149.990005493164
1209,54,Nike Youth Pro Combat Hyperstrong Girdle,,55.9900016784668
1210,54,Schutt Youth AiR XP Pro Custom Football Helme,,199.990005493164
1211,54,Schutt Youth XP Hybrid Custom Football Helmet,,99.9899978637695
1212,54,Nike Men's Pro Combat Hyperstrong 4 Pad Footb,,63.9900016784668
1213,54,Riddell Youth Power Rib Shirt,,54.9900016784668
1214,54,Schutt Youth Vengeance DCT Custom Football He,,299.989990234375
1215,54,Riddell Adult Power 7-Pad Girdle,,79.9899978637695
1216,54,Schutt Youth Vengeance DCT Custom Football He,,299.989990234375
1217,54,Nike Youth Pro Combat Hyperstrong 4 Pad Footb,,51.9900016784668
1218,54,Schutt Youth Integrated Football Pants,,34.9900016784668
1219,54,Riddell Adult Power Girdle,,49.9900016784668
1220,54,Riddell Youth Power Girdle,,44.9900016784668
1221,54,Cutters Adult C-TACK Revolution Receiver Glov,,34.9900016784668
1222,54,Under Armour Adult Gameday Armour 5 Pad Girdl,,55.9900016784668
1223,54,Schutt Varsity Super-Pro STG Specialty Facema,,69.9899978637695
1224,54,Schutt XV Flex Skill Shield Football Shoulder,,179.990005493164
1225,54,Nike Adult Pro Combat Hyperstrong Girdle,,63.9900016784668
1226,55,adidas Men's New York Red Bulls Navy 2014 Sec,,85
1227,55,adidas Men's Sporting KC Navy 2014 Secondary ,,85
1228,55,adidas Men's 2014 All-Star Game Tactile Hunte,,20
1229,55,adidas Men's 2014 MLS All-Star Game Dueling T,,24
1230,55,adidas Men's 2014 MLS All-Star Game Cross Bla,,20
1231,55,adidas Original Men's 2014 MLS All-Star Game ,,28
1232,55,adidas Men's 2014 MLS All-Star Game Rose City,,28
1233,55,adidas Men's 2014 MLS All-Star Game Crest Gre,,28
1234,55,adidas Women's 2014 MLS All-Star Game Dueling,,28
1235,55,adidas Men's 2014 MLS All-Star Game Replica B,,85
1236,55,adidas Men's 2014 MLS All-Star Game Lumber Hu,,22
1237,55,adidas Men's 2014 MLS All-Star Game Axis Hunt,,22
1238,55,adidas Men's 2014 MLS All-Star Game Structure,,20
1239,55,adidas Men's 2014 MLS All-Star Game Camo Snap,,26
1240,55,adidas Men's 2014 MLS All-Star Game Slouch Wh,,18
1241,55,adidas Women's New York City FC Smoke Grey Wo,,28
1242,55,adidas Men's New York City FC Big Time Navy T,,32
1243,55,adidas Men's New York City FC Bleed Through W,,25
1244,55,adidas Men's New York City FC Team Logo Navy ,,72
1245,55,adidas New England Revolution Tropheo Soccer ,,20
1246,55,Toronto FC Team Color Soccer Bracelet,,9.98999977111816
1247,55,Sporting KC Team Color Soccer Bracelet,,9.98999977111816
1248,55,San Jose Earthquakes Team Color Soccer Bracel,,9.98999977111816
1249,55,Real Salt Lake Team Color Soccer Bracelet,,9.98999977111816
1250,56,Nike Men's USA White Home Stadium Soccer Jers,,90
1251,56,Nike Youth USA Away Stadium Replica Soccer Je,,75
1252,56,adidas Brazuca 2014 Top Glider Soccer Ball,,29.9899997711182
1253,56,Nike Men's USA Away Stadium Replica Soccer Je,,90
1254,56,adidas Men's Germany Home Soccer Jersey,,90
1255,56,adidas Brazuca 2014 Top Repliqué Soccer Ball,,39.9900016784668
1256,56,adidas Brazuca 2014 Official Match Ball,,159.990005493164
1257,56,adidas Men's Germany Black/Red Away Match Soc,,90
1258,56,adidas Men's Mexico Home Soccer Jersey,,90
1259,56,adidas Brazuca Final Rio Official Match Ball,,159.990005493164
1260,56,Nike Men's USA Soccer Navy Authentic Polo,,70
1261,56,adidas Brazuca Final Rio Top Glider Soccer Ba,,29.9899997711182
1262,56,adidas Brazuca 2014 Mini Soccer Ball,,9.98999977111816
1263,56,adidas Men's Germany Away Replica Black Top,,50
1264,56,adidas Men's Argentina Home Soccer Jersey,,90
1265,56,Nike USA 2014 World Cup Red/White/Blue Scarf,,30
1266,56,Nike Men's USA Soccer Grey Training Top,,55
1267,56,adidas Men's Mexico Red Away Soccer Jersey,,90
1268,56,adidas Youth Germany Home Soccer Jersey,,70
1269,56,Nike Men's Netherlands Orange Home Stadium So,,90
1270,56,adidas Men's Germany Black Crest Away Tee,,25
1271,56,Nike Men's USA Soccer Red Authentic Polo,,70
1272,56,Nike Men's USA Red Core Type T-Shirt,,28
1273,56,Nike Men's Netherlands Orange Core Crest T-Sh,,28
1274,57,Nike Men's USA White Home Stadium Soccer Jers,,90
1275,57,Nike Youth USA Away Stadium Replica Soccer Je,,75
1276,57,adidas Brazuca 2014 Top Glider Soccer Ball,,29.9899997711182
1277,57,Nike Men's USA Away Stadium Replica Soccer Je,,90
1278,57,adidas Men's Germany Home Soccer Jersey,,90
1279,57,PUMA Men's evoPOWER 1 Tricks FG Soccer Cleat,,189.990005493164
1280,57,adidas Brazuca 2014 Top Repliqué Soccer Ball,,39.9900016784668
1281,57,adidas Brazuca 2014 Official Match Ball,,159.990005493164
1282,57,adidas Men's Germany Black/Red Away Match Soc,,90
1283,57,adidas Kids' F5 Messi FG Soccer Cleat,,34.9900016784668
1284,57,Nike Men's Hypervenom Phantom Premium FG Socc,,0
1285,57,adidas Men's Mexico Home Soccer Jersey,,90
1286,57,adidas Kids' F10 Messi TRX FG Soccer Cleat,,44.9900016784668
1287,57,adidas Men's F10 Messi TRX FG Soccer Cleat,,59.9900016784668
1288,57,adidas Men's F10 Messi FG Soccer Cleat,,59.9900016784668
1289,57,adidas Brazuca Final Rio Official Match Ball,,159.990005493164
1290,57,adidas Men's F30 Messi FG Soccer Cleat,,99.9899978637695
1291,57,Nike Men's USA Soccer Navy Authentic Polo,,70
1292,57,Nike Men's Mercurial Victory IV FG Soccer Cle,,59.9700012207031
1293,57,adidas Men's Predator Absolion  Instinct FG S,,109.98999786377
1294,57,adidas Men's Copa Mundial Soccer Cleat,,134.990005493164
1295,57,adidas Brazuca Final Rio Top Glider Soccer Ba,,29.9899997711182
1296,57,adidas Brazuca 2014 Mini Soccer Ball,,9.98999977111816
1297,57,PUMA Men's evoSPEED 1.2 Tricks FG Soccer Clea,,174.990005493164
1298,58,Majestic Youth Replica New York Yankees Derek,,60
1299,58,Majestic Men's Authentic New York Yankees Der,,194
1300,58,Majestic Men's Replica New York Yankees Derek,,100
1301,58,Majestic Youth Replica New York Yankees Derek,,50
1302,58,Majestic Men's 2014 All-Star Game Derek Jeter,,130
1303,58,Majestic Women's New York Yankees Derek Jeter,,28
1304,58,Majestic Men's Replica Pittsburgh Pirates And,,100
1305,58,Nike Men's New York Yankees Derek Jeter Pinst,,30
1306,58,Majestic Youth Replica Pittsburgh Pirates And,,50
1307,58,Majestic Youth Replica Boston Red Sox David O,,50
1308,58,Majestic Youth 2014 All-Star Game Derek Jeter,,60
1309,58,Majestic Triple Peak Men's New York Yankees D,,28
1310,58,Majestic Men's New York Yankees Derek Jeter #,,115
1311,58,Majestic Youth Replica Los Angeles Dodgers Ya,,50
1312,58,Majestic Youth Los Angeles Angels Mike Trout ,,22
1313,58,Majestic Youth Replica New York Yankees Jacob,,50
1314,58,Majestic Men's Replica Los Angeles Dodgers Cl,,100
1315,58,Majestic Men's Replica Los Angeles Angels Mik,,100
1316,58,Majestic Men's Replica St. Louis Cardinals Oz,,100
1317,58,Majestic Youth 2014 All-Star Game Mike Trout ,,60
1318,58,Nike Men's New York Yankees Derek Jeter Retir,,30
1319,58,Majestic Men's Authentic Los Angeles Dodgers ,,241
1320,58,Majestic Men's Replica Cincinnati Reds Todd F,,100
1321,58,Majestic Men's Replica Los Angeles Dodgers Ya,,100
1322,59,Nike Men's Cleveland Browns 'Money Manziel' T,,30
1323,59,Nike Men's Home Game Jersey Cleveland Browns ,,100
1324,59,Nike Men's Cleveland Browns Johnny Manziel 'M,,30
1325,59,Nike Johnny Football Camo Graphic T-Shirt,,30
1326,59,Nike Youth Home Game Jersey Cleveland Browns ,,70
1327,59,Nike Johnny Football Camo Jersey T-Shirt,,30
1328,59,Nike Men's Cleveland Browns Johnny Manziel #2,,32
1329,59,Nike Men's Cleveland Browns Johnny Football O,,28
1330,59,Nike Men's Home Game Jersey Denver Broncos Pe,,100
1331,59,Nike Men's Home Game Jersey Buffalo Bills Sam,,100
1332,59,Nike Men's Home Game Jersey San Francisco 49e,,100
1333,59,Nike Men's Home Game Jersey Pittsburgh Steele,,100
1334,59,Nike Men's Home Game Jersey New Orleans Saint,,100
1335,59,Nike Men's Andrew Luck Jersey - Home Game Ind,,100
1336,59,Nike Men's Home Game Jersey New York Giants O,,100
1337,59,Nike Men's Home Game Jersey Carolina Panthers,,100
1338,59,Nike Men's Home Game Jersey Chicago Bears Jar,,100
1339,59,Nike Men's Home Game Jersey New York Giants E,,100
1340,59,Majestic Men's Replica Texas Rangers Russell ,,69.9700012207031
1341,59,Nike Women's Cleveland Browns Johnny Football,,34
1342,59,Nike Men's St. Louis Rams Michael Sam #96 Nam,,32
1343,59,Nike Men's Home Game Jersey St. Louis Rams Mi,,100
1344,59,Nike Men's Home Game Jersey St. Louis Rams Aa,,100
1345,59,Nike Men's Home Game Jersey St. Louis Rams Gr,,100
